affiliatename,countryoforiginname,countryoforigincode,profilepics3key,firstname,lastname,competitorname,division,status,gender,height,affiliateid,weight,bibid,competitorid,age,overallrank,overallscore,Number of Records,ordinal,breakdown,lane,rank,heat,points,scoredisplay,time,workoutrank
CrossFit Mayhem,United States,US,9e218-P153604_4-184.jpg,Mathew,Fraser,Mathew Fraser,Men,ACT,M,1.74,44632,88.5,16,153604,29,1,984,1,1,100 pts,26,1,3,100,0.010505787,0.010505787,1
Peak 360 CrossFit,United States,US,0a0bc-P2725_5-184.jpg,Noah,Ohlsen,Noah Ohlsen,Men,ACT,M,1.74,44800,86.2,302,2725,28,2,949,1,1,70 pts,46,16,3,70,0.011830324,0.011830324,16
CrossFit Hengill,Iceland,IS,4c5dc-P81616_4-184.jpg,BjÃ¶rgvin Karl,GuÃ°mundsson,BjÃ¶rgvin Karl GuÃ°mundsson,Men,ACT,M,1.55,44753,83.9,122,81616,26,3,888,1,1,94 pts,25,4,3,94,0.011209606,0.011209606,4
CrossFit Mentality,United States,US,e23e0-P34796_8-184.jpg,Scott,Panchik,Scott Panchik,Men,ACT,M,1.8,44597,84.8,105,34796,31,4,795,1,1,96 pts,21,3,3,96,0.011179977,0.011179977,3
CrossFit Mode,Australia,AU,b7c6d-P16080_7-184.jpg,James,Newbury,James Newbury,Men,ACT,M,1.55,44792,87.1,303,16080,28,5,728,1,1,90 pts,31,6,2,90,0.011356366,0.011356366,6
Cobra Command CrossFit,United States,US,d1ef5-P199938_3-184.jpg,Jacob,Heppner,Jacob Heppner,Men,ACT,M,1.77,44590,87.1,101,199938,29,6,694,1,1,76 pts,27,13,3,76,0.011665972,0.011665972,13
CrossFit Crossaxed,Australia,AU,41bf6-P660204_5-184.jpg,Matt,Mcleod,Matt Mcleod,Men,ACT,M,1.71,44805,82.1,311,660204,26,7,671,1,1,35 pts,5,40,3,35,0.013439699,0.013439699,40
,Switzerland,CH,ff2d6-P698182_6-184.jpg,Adrian,Mundwiler,Adrian Mundwiler,Men,ACT,M,1.77,,84.8,135,698182,26,8,632,1,1,52 pts,45,25,3,52,0.01235787,0.01235787,25
CrossFit Cliffside,United States,US,00087-P310970_11-184.jpg,Saxon,Panchik,Saxon Panchik,Men,ACT,M,1.8,44969,83.9,310,310970,23,9,587,1,1,62 pts,11,20,3,62,0.011937269,0.011937269,20
CrossFit Trivium,United States,US,d3cc2-P35627_6-184.jpg,Will,Moorad,Will Moorad,Men,ACT,M,1.8,44802,86.2,309,35627,30,10,485,1,1,74 pts,26,14,2,74,0.011683681,0.011683681,14
CrossFit Spokane Valley,United States,US,ce316-P153625_5-184.jpg,Cole,Sager,Cole Sager,Men,CUT,M,1.55,44588,91.6,102,153625,28,11,368,1,1,88 pts,23,7,3,88,0.011392245,0.011392245,7
CrossFit Passion,United States,US,9de68-P1690_5-184.jpg,Travis,Mayer,Travis Mayer,Men,CUT,M,1.56,44599,89.8,108,1690,28,12,368,1,1,78 pts,32,12,3,78,0.011504282,0.011504282,12
,United States,US,a9afa-P74320_4-184.jpg,Samuel,Kwant,Samuel Kwant,Men,CUT,M,1.56,,90.7,111,74320,23,13,349,1,1,72 pts,17,15,3,72,0.011776273,0.011776273,15
CrossFit Rejoice,United States,US,5afca-P123764_4-184.jpg,Logan,Collins,Logan Collins,Men,CUT,M,1.74,44700,82.6,113,123764,28,14,340,1,1,66 pts,36,18,3,66,0.011874421,0.011874421,18
CrossFit Sacrifice,United States,US,22a7d-P469626_5-184.jpg,Chandler,Smith,Chandler Smith,Men,CUT,M,1.77,44804,87.5,312,469626,26,15,329,1,1,98 pts,9,2,3,98,0.01091169,0.01091169,2
CrossFit Solid Ground,Canada,CA,d471c-P158264_7-184.jpg,Patrick,Vellner,Patrick Vellner,Men,CUT,M,1.56,44773,88.5,119,158264,29,16,322,1,1,84 pts,12,9,3,84,0.011486343,0.011486343,9
CrossFit Nordic,Sweden,SE,0c02c-P24309_6-184.jpg,Lukas,HÃ¶gberg,Lukas HÃ¶gberg,Men,CUT,M,1.83,44756,95.7,128,24309,28,17,319,1,1,36 pts,16,39,3,36,0.013350231,0.013350231,39
CrossFit Flensburg,Germany,DE,565d0-P286691_2-184.jpg,Joshua,Wichtrup,Joshua Wichtrup,Men,CUT,M,1.83,44658,86.2,136,286691,27,18,315,1,1,47 pts,47,28,3,47,0.012687963,0.012687963,28
CrossFit Yas,United Kingdom,GB,ae97a-P86089_6-184.jpg,Elliot,Simmonds,Elliot Simmonds,Men,CUT,M,1.86,44663,89.8,132,86089,25,19,303,1,1,41 pts,42,34,3,41,0.013234606,0.013234606,34
CrossFit Skodsborg,Denmark,DK,0e8b6-P230757_2-184.jpg,Casper,Gammelmark,Casper Gammelmark,Men,CUT,M,1.83,44593,86.2,115,230757,28,20,251,1,1,14 pts,37,61T,3,14,CAP+8,CAP+8,61T
CrossFit Lutece,France,FR,9ca60-P702092_3-184.jpg,Willy,Georges,Willy Georges,Men,CUT,M,1.55,44688,86.2,130,702092,26,21,245,1,1,48 pts,41,27,3,48,0.012675463,0.012675463,27
Solidarity CrossFit,United States,US,b72ee-P111592_7-184.jpg,Connor,Duddy,Connor Duddy,Men,CUT,M,1.55,44977,83.9,316,111592,26,22,244,1,1,56 pts,43,23,3,56,0.012304167,0.012304167,23
Kelowna CrossFit,Canada,CA,1780d-P107101_9-184.jpg,Brent,Fikowski,Brent Fikowski,Men,CUT,M,1.89,44790,98.4,308,107101,28,23,243,1,1,64 pts,33,19,2,64,0.011927546,0.011927546,19
CrossFit Powerstroke,United States,US,a0a86-P134617_10-184.jpg,Sean,Sweeney,Sean Sweeney,Men,CUT,M,1.8,44789,87.1,304,134617,27,24,236,1,1,58 pts,6,22,3,58,0.012215625,0.012215625,22
CrossFit Quebec City,Canada,CA,ebe1c-P180541_4-184.jpg,Alex,Vigneault,Alex Vigneault,Men,CUT,M,1.56,44602,94.3,116,180541,27,25,233,1,1,33 pts,14,42,3,33,0.013653819,0.013653819,42
CrossFit 8020,Ireland,IE,15913-P461734_4-184.jpg,Michael,Smith,Michael Smith,Men,CUT,M,1.83,44676,95.3,146,461734,27,26,224,1,1,54 pts,20,24,2,54,0.012328472,0.012328472,24
CrossFit CFPT,China,CN,7aece-P23655_2-184.jpg,Ant,Haynes,Ant Haynes,Men,CUT,M,1.55,44626,88,145,23655,29,27,218,1,1,15 pts,30,60,2,15,CAP+8,CAP+8,60
CrossFit Krypton,United States,US,eab2e-P43761_13-184.jpg,Ben,Smith,Ben Smith,Men,CUT,M,1.56,44795,88.5,15,43761,29,28,217,1,1,86 pts,14,8,1,86,0.011438542,0.011438542,8
CrossFit Kyalami,South Africa,ZA,f2583-P120333_4-184.jpg,Jason,Smith,Jason Smith,Men,CUT,M,1.86,44766,88.5,137,120333,35,29,216,1,1,80 pts,4,11,3,80,0.011500579,0.011500579,11
Ft. Wright CrossFit,United States,US,cb045-P682551_3-184.jpg,Ryan,Sowder,Ryan Sowder,Men,CUT,M,1.77,44782,86.2,313,682551,25,30,208,1,1,37 pts,38,38,2,37,0.013326273,0.013326273,38
CrossFit Riga,Latvia,LV,cf540-P472642_5-184.jpg,Uldis,Upenieks,Uldis Upenieks,Men,CUT,M,1.8,44689,83.9,125,472642,21,31,194,1,1,42 pts,29,33,3,42,0.013216898,0.013216898,33
BrewCity CrossFit,United States,US,79ace-P329279_12-184.jpg,George,Sterner,George Sterner,Men,CUT,M,1.8,44606,83.9,103,329279,20,32,194,1,1,60 pts,22,21,3,60,0.012140394,0.012140394,21
CrossFit Wonderland,Canada,CA,e480e-P469656_1-184.jpg,Jeffrey,Adler,Jeffrey Adler,Men,CUT,M,1.8,44595,89.4,117,469656,25,33,193,1,1,92 pts,38,5,3,92,0.011316088,0.011316088,5
CrossFit Kreis 9,Switzerland,CH,b98a5-P2766_6-184.jpg,Lukas,Esslinger,Lukas Esslinger,Men,CUT,M,1.56,44725,90.7,307,2766,26,34,191,1,1,44 pts,7,31,3,44,0.012736458,0.012736458,31
Deka CrossFit,Canada,CA,ab5f0-P327636_3-184.jpg,Samuel,Cournoyer,Samuel Cournoyer,Men,CUT,M,1.56,44600,88.5,104,327636,23,35,186,1,1,82 pts,30,10,3,82,0.011496065,0.011496065,10
CrossFit Lionmode,Australia,AU,1ce47-P8690_5-184.jpg,Dean,Linder-Leighton,Dean Linder-Leighton,Men,CUT,M,1.77,44741,87.1,118,8690,28,36,170,1,1,20 pts,13,55,3,20,CAP+7,CAP+7,55
CrossFit Kreis 9,Finland,FI,9f8e1-P173837_3-184.jpg,Jonne,Koski,Jonne Koski,Men,CUT,M,1.74,44725,84.8,131,173837,24,37,165,1,1,45 pts,10,30,3,45,0.012716204,0.012716204,30
CrossFit Invictus,United States,US,a0d02-P28040_5-184.jpg,Eric,Carmody,Eric Carmody,Men,CUT,M,1.56,44591,90.7,114,28040,31,38,160,1,1,26 pts,15,49,3,26,CAP+4,CAP+4,49
LumberYard CrossFit,United States,US,709b2-P501728_4-184.jpg,Jason,Carroll,Jason Carroll,Men,CUT,M,1.55,44752,83.9,106,501728,30,39,159,1,1,68 pts,31,17,3,68,0.011862963,0.011862963,17
CrossFit Sandvika,Norway,NO,5b3bf-P542883_2-184.jpg,Nicolay,Billaudel,Nicolay Billaudel,Men,CUT,M,1.83,44702,92.1,152,542883,29,40,154,1,1,46 pts,35,29,2,46,0.012708681,0.012708681,29
CrossFit Fond du Lac,United States,US,907aa-P8325_6-184.jpg,Nick,Bloch,Nick Bloch,Men,CUT,M,1.83,44948,95.3,314,8325,33,41,116,1,1,12 pts,36,63,2,12,CAP+8,CAP+8,63
,Poland,PL,9750f-P250172_2-184.jpg,Bronislaw,Olenkowicz,Bronislaw Olenkowicz,Men,CUT,M,1.83,,98.9,305,250172,30,42,112,1,1,10 pts,15,65,2,10,CAP+8,CAP+8,65
CrossFit 82,Lithuania,LT,2d23e-P432338_3-184.jpg,Arminas,Balevicius,Arminas Balevicius,Men,CUT,M,1.8,44669,87.1,143,432338,26,43,108,1,1,43 pts,29,32,2,43,0.013152315,0.013152315,32
CrossFit MetaliZe,Egypt,EG,f6b3e-P487949_3-184.jpg,Mohamed,Elomda,Mohamed Elomda,Men,CUT,M,1.56,44623,92.1,173,487949,31,44,100,1,1,28 pts,4,47,2,28,CAP+2,CAP+2,47
CrossFit Riders,Sweden,SE,f749d-P106655_3-184.jpg,Simon,MÃ¤ntylÃ¤,Simon MÃ¤ntylÃ¤,Men,CUT,M,1.56,44592,94.8,112,106655,28,45,99,1,1,40 pts,35,35,3,40,0.013259954,0.013259954,35
Shockoe Bottom CrossFit,United States,US,b1338-P244353_1-184.jpg,John-Paul,Hethcock,John-Paul Hethcock,Men,CUT,M,1.55,44794,87.1,306,244353,26,46,92,1,1,38 pts,16,37,2,38,0.013300231,0.013300231,37
Reebok CrossFit Ljubljana,Slovenia,SI,pukie.png,Aleks,KoÅ¡tomaj,Aleks KoÅ¡tomaj,Men,CUT,M,1.56,44747,86.2,181,842919,26,47,90,1,1,22 pts,26,53,1,22,CAP+7,CAP+7,53
,Hungary,HU,fabed-P511473_2-184.jpg,GÃ¡bor,TÃ¶rÃ¶k,GÃ¡bor TÃ¶rÃ¶k,Men,CUT,M,1.77,,84.8,139,511473,28,48,86,1,1,39 pts,27,36,2,39,0.013265856,0.013265856,36
CrossFit Al Ain,Brazil,BR,1853e-P686308_3-184.jpg,Guilherme,Malheiros,Guilherme Malheiros,Men,CUT,M,1.8,44660,87.1,142,686308,19,49,74,1,1,50 pts,23,26,2,50,0.012569907,0.012569907,26
,Argentina,AR,7870f-P478414_5-184.jpg,Agustin,Richelme,Agustin Richelme,Men,CUT,M,1.77,,79.8,134,478414,22,50,66,1,1,25 pts,44,50,3,25,CAP+4,CAP+4,50
CrossFit Canarias,Colombia,CO,306d0-P468290_1-184.jpg,Bryan,HernÃ¡ndez,Bryan HernÃ¡ndez,Men,CUT,M,1.71,44734,74.8,161,468290,21,51,53,1,1,17 pts,10,58,2,17,CAP+8,CAP+8,58
CrossFit Albi,Belgium,BE,d7e4d-P677889_5-184.jpg,Alban,Dubois,Alban Dubois,Men,CUT,M,1.8,44655,86.2,165,677889,24,52,49,1,1,30 pts,8,45,2,30,CAP+1,CAP+1,45
Thorndon CrossFit,New Zealand,NZ,1353d-P221436_10-184.jpg,Luke,Fiso,Luke Fiso,Men,CUT,M,1.8,44672,88,138,221436,29,53,48,1,1,31 pts,25,44,2,31,0.013870023,0.013870023,44
CrossFit 3 Sons,Mexico,MX,b159c-P155471_5-184.jpg,Darwin,Perez,Darwin Perez,Men,CUT,M,1.74,44758,81.6,144,155471,30,54,47,1,1,34 pts,22,41,2,34,0.013579745,0.013579745,41
,Guatemala,GT,db495-P286311_4-184.jpg,Marlon,Azurdia,Marlon Azurdia,Men,CUT,M,1.8,,88,159,286311,33,55,46,1,1,8 pts,11,67,2,8,CAP+9,CAP+9,67
CrossFit Idol,Russian Federation,RU,9cea9-P1325298_1-184.jpg,Aleksandar,Ilin,Aleksandar Ilin,Men,CUT,M,1.8,44732,87.1,133,1325298,29,56,45,1,1,21 pts,8,54,3,21,CAP+7,CAP+7,54
CrossFit Zurriola,Spain,ES,5bcb0-P351417_1-184.jpg,Alexander,Anasagasti,Alexander Anasagasti,Men,CUT,M,1.8,44610,73.9,148,351417,27,57,41,1,1,32 pts,19,43,2,32,0.013845949,0.013845949,43
CrossFit Alioth,United Arab Emirates,AE,cae81-P1697328_1-184.jpg,Mahmood,Shalan,Mahmood Shalan,Men,CUT,M,1.8,44596,88,158,1697328,26,58,40,1,1,24 pts,40,51,2,24,CAP+5,CAP+5,51
CrossFit BBros,Slovakia,SK,f9e0a-P119313_6-184.jpg,Erik,Toth,Erik Toth,Men,CUT,M,1.55,44659,83.9,149,119313,29,59,35,1,1,3 pts,18,72,2,3,CAP+10,CAP+10,72
CrossFit North Zone,Greece,GR,931eb-P514502_2-184.jpg,Lefteris,Theofanidis,Lefteris Theofanidis,Men,CUT,M,1.74,44713,81.2,123,514502,29,60,34,1,1,14 pts,24,61T,3,14,CAP+8,CAP+8,61T
CrossFit Boran,Turkey,TR,0cb10-P231921_6-184.jpg,Ates,Boran,Ates Boran,Men,CUT,M,1.77,44755,76.7,166,231921,33,61,33,1,1,27 pts,44,48,2,27,CAP+4,CAP+4,48
Precision CrossFit,United States,US,43261-P196667_2-184.jpg,Hunter,McIntyre,Hunter McIntyre,Men,CUT,M,1.89,44942,93,401,196667,30,62,31,1,1,29 pts,1,46,2,29,CAP+2,CAP+2,46
CrossFit Invictus,Luxembourg,LU,60a27-P160128_2-184.jpg,Connor,Nellans,Connor Nellans,Men,CUT,M,1.83,44591,95.3,156,160128,25,63,31,1,1,5 pts,39,70,2,5,CAP+9,CAP+9,70
,Croatia,HR,pukie.png,Augustin,Vilicnik,Augustin Vilicnik,Men,CUT,M,1.56,,91.2,178,858387,29,64,31,1,1,23 pts,2,52,2,23,CAP+6,CAP+6,52
BeeGrow CrossFit,Japan,JP,fbb8f-P849478_2-184.jpg,Shingo,Moromasa,Shingo Moromasa,Men,CUT,M,0.15,44696,83.9,171,849478,32,65,31,1,1,16 pts,5,59,2,16,CAP+8,CAP+8,59
CrossFit 962,Jordan,JO,e2cfb-P315266_3-184.jpg,Amin,Attallah,Amin Attallah,Men,CUT,M,1.74,44638,79.8,172,315266,25,66,25,1,1,2 pts,47,73,2,2,CAP+11,CAP+11,73
CrossFit 4 L,Venezuela,VE,cb959-P270266_2-184.jpg,Omar,Martinez,Omar Martinez,Men,CUT,M,0.03,44636,76.2,141,270266,27,67,24,1,1,19 pts,28,56,2,19,CAP+8,CAP+8,56
CrossFit Finestrat,Netherlands,NL,a2893-P423302_1-184.jpg,Sam,Lubben,Sam Lubben,Men,CUT,M,1.83,44719,91.2,160,423302,22,68,23,1,1,11 pts,41,64,2,11,CAP+8,CAP+8,64
,Nigeria,NG,85757-P1692338_1-184.jpg,Uyi Nosa,Osawe,Uyi Nosa Osawe,Men,CUT,M,1.83,,87.1,188,1692338,29,69,20,1,1,18 pts,22,57,1,18,CAP+8,CAP+8,57
Triller CrossFit,Austria,AT,3f1be-P275390_1-184.jpg,Christoph,Koerner,Christoph Koerner,Men,CUT,M,1.56,44673,89.8,147,275390,31,70,18,1,1,4 pts,32,71,2,4,CAP+9,CAP+9,71
CrossFit Sea Energy,Ukraine,UA,1d878-P470906_2-184.jpg,Oleksandr,Shkoliarenko,Oleksandr Shkoliarenko,Men,CUT,M,1.83,44643,88.9,154,470906,29,71,18,1,1,7 pts,14,68,2,7,CAP+9,CAP+9,68
Tantum CrossFit,Bosnia and Herzegovina,BA,f6ae1-P667464_4-184.jpg,ÄorÄ‘e,ÄuriÄ‡,ÄorÄ‘e ÄuriÄ‡,Men,CUT,M,1.89,44690,87.1,170,667464,24,72,16,1,1,6 pts,46,69,2,6,CAP+9,CAP+9,69
CrossFit Ramallah,Palestinian Territory,PS,db955-P1076087_3-184.jpg,Hamzeh,Tarefi,Hamzeh Tarefi,Men,CUT,M,1.77,44729,87.1,168,1076087,24,73,13,1,1,9 pts,45,66,2,9,CAP+9,CAP+9,66
,Chile,CL,b8edd-P1178252_1-184.jpg,Piero,Gorichon,Piero Gorichon,Men,CUT,M,1.83,,89.8,153,1178252,27,74,7,1,1,0 pts,37,75,2,0,CAP+11,CAP+11,75
,Tunisia,TN,298c2-P844066_3-184.jpg,Marzougui,Mootez,Marzougui Mootez,Men,CUT,M,1.77,,76.2,196,844066,28,75,3,1,1,-1 pts,18,76,1,-1,CAP+11,CAP+11,76
CrossFit Dignus,Zimbabwe,ZW,433f0-P105253_8-184.jpg,Jean-Claude,Jardim,Jean-Claude Jardim,Men,CUT,M,1.55,44736,86.2,182,105253,27,76,3,1,1,1 pts,25,74,1,1,CAP+11,CAP+11,74
Circuit Plus CrossFit Shuwaikh,Kuwait,KW,49d3e-P703126_1-184.jpg,Khalid,Aljarallah,Khalid Aljarallah,Men,CUT,M,1.8,44699,88,185,703126,32,77,-2,1,1,-2 pts,28,77,1,-2,CAP+11,CAP+11,77
BIGG CrossFit Herrera,Paraguay,PY,70c62-P683220_4-184.jpg,Diego,Kemper,Diego Kemper,Men,CUT,M,1.83,44627,88,177,683220,28,78,-3,1,1,-3 pts,49,78,2,-3,CAP+11,CAP+11,78
,Romania,RO,dcd71-P213806_3-184.jpg,Severin,Irimia,Severin Irimia,Men,CUT,M,1.83,,88,162,213806,31,79,-4,1,1,-4 pts,42,79,2,-4,CAP+11,CAP+11,79
CrossFit Subterranean,Belize,BZ,c6cea-P1523179_7-184.jpg,Vernon,Neal,Vernon Neal,Men,CUT,M,1.77,44628,77.1,201,1523179,30,80,-5,1,1,-5 pts,36,80,1,-5,CAP+11,CAP+11,80
CrossFit OPO,Portugal,PT,50ca1-P233855_8-184.jpg,JoÃ£o,Ferreira,JoÃ£o Ferreira,Men,CUT,M,1.74,44765,83.9,155,233855,24,81,-6,1,1,-6 pts,13,81,2,-6,CAP+11,CAP+11,81
CrossFit Steel Factory,Dominican Republic,DO,6518d-P256607_4-184.jpg,Eusebio,Aldano,Eusebio Aldano,Men,CUT,M,1.55,44614,92.5,187,256607,34,82,-7,1,1,-7 pts,29,82,1,-7,CAP+11,CAP+11,82
CrossFit Crash,United States,US,b3ff4-P93473_3-184.jpg,Josh,Miller,Josh Miller,Men,CUT,M,1.8,44971,86.2,315,93473,30,83,-8,1,1,-8 pts,21,83,2,-8,CAP+11,CAP+11,83
Reebok CrossFit PTY,Panama,PA,fd95b-P191624_2-184.jpg,Alvaro,Lopez,Alvaro Lopez,Men,CUT,M,0.18,44633,83.9,186,191624,33,84,-9,1,1,-9 pts,23,84,1,-9,CAP+11,CAP+11,84
Tonic CrossFit,Canada,CA,47f1f-P308712_3-184.jpg,Jean-Simon,Roy-Lemaire,Jean-Simon Roy-Lemaire,Men,CUT,M,1.8,44617,88.5,124,308712,25,85,-10,1,1,-10 pts,28,85,3,-10,CAP+11,CAP+11,85
Avant Garde CrossFit,Philippines,PH,6aece-P434258_1-184.jpg,Justin,Hernandez,Justin Hernandez,Men,CUT,M,1.8,44742,83.9,183,434258,25,86,-11,1,1,-11 pts,27,86,1,-11,CAP+11,CAP+11,86
,Honduras,HN,17cc4-P345700_4-184.jpg,Franky,Wood,Franky Wood,Men,CUT,M,1.71,,77.1,189,345700,31,87,-12,1,1,-12 pts,30,87,1,-12,CAP+11,CAP+11,87
CrossFit Alioth,United States,US,0e176-P247005_2-184.jpg,Streat,Hoerner,Streat Hoerner,Men,CUT,M,1.8,44596,88.5,109,247005,24,88,-13,1,1,-13 pts,19,88,3,-13,CAP+11,CAP+11,88
CrossFit Progression,Kenya,KE,33ba3-P1721_9-184.jpg,Jeremy,Mghenyi,Jeremy Mghenyi,Men,CUT,M,1.77,44647,86.2,215,1721,28,89,-14,1,1,-14 pts,9,89,1,-14,CAP+11,CAP+11,89
CrossFit T-Town,United States,US,c7ff3-P755342_4-184.jpg,Zachery,Buntin,Zachery Buntin,Men,CUT,M,1.83,44603,93,107,755342,25,90,-15,1,1,-15 pts,20,90,3,-15,CAP+11,CAP+11,90
CrossFit Tartu,Estonia,EE,310fb-P733576_3-184.jpg,Mihkel,Keldoja,Mihkel Keldoja,Men,CUT,M,1.56,44685,83,200,733576,24,91,-16,1,1,-16 pts,16,91,1,-16,CAP+12,CAP+12,91
CrossFit Worlds End,Bulgaria,BG,7d6b8-P658408_1-184.jpg,Stavri,Stavrev,Stavri Stavrev,Men,CUT,M,1.74,44684,73,176,658408,27,92,-17,1,1,-17 pts,3,92,2,-17,CAP+14,CAP+14,92
Instinto CrossFit,Uruguay,UY,ec81d-P326958_3-184.jpg,Santiago,Comba,Santiago Comba,Men,CUT,M,1.77,44722,82.1,167,326958,25,93,-18,1,1,-18 pts,7,93,2,-18,CAP+14,CAP+14,93
CrossFit R99,Poland,PL,5a339-P179080_6-184.jpg,Bartek,Lipka,Bartek Lipka,Men,CUT,M,1.55,44621,83,129,179080,29,94,-19,1,1,-19 pts,39,94,3,-19,CAP+14,CAP+14,94
CrossFit 3216,Tonga,TO,28dd6-P9839_2-184.jpg,Andre,Alipate,Andre Alipate,Men,CUT,M,1.55,44743,81.2,232,9839,36,95,-20,1,1,-20 pts,2,95,1,-20,CAP+15,CAP+15,95
CrossFit 592,Guyana,GY,3ecb5-P595818_2-184.jpg,Dillon,Mahadeo,Dillon Mahadeo,Men,CUT,M,1.89,44709,90.7,213,595818,23,96,-21,1,1,-21 pts,10,96,1,-21,CAP+16,CAP+16,96
Ultimate Burn CrossFit,Angola,AO,02d1a-P1402559_1-184.jpg,Marco,Almeida,Marco Almeida,Men,CUT,M,1.86,44681,96.2,195,1402559,30,97,-22,1,1,-22 pts,33,97,1,-22,CAP+17,CAP+17,97
Diablo CrossFit,Iran,IR,407e4-P34025_10-184.jpg,Payam,Saljoughian,Payam Saljoughian,Men,CUT,M,1.8,44640,79.4,203,34025,32,98,-23,1,1,-23 pts,37,98,1,-23,CAP+18,CAP+18,98
CrossFit Delmon,Bahrain,BH,pukie.png,Majid,Al Sharaf,Majid Al Sharaf,Men,CUT,M,1.74,44695,81.2,191,297397,28,99,-24,1,1,-24 pts,31,99,1,-24,CAP+18,CAP+18,99
Glass City CrossFit,United States,US,b97b3-P571999_1-184.jpg,Richard Paul,Castillo,Richard Paul Castillo,Men,CUT,M,1.56,44605,90.7,110,571999,29,100,-25,1,1,-25 pts,33,100,3,-25,CAP+19,CAP+19,100
CrossFit With Us,Czech Republic,CZ,7c091-P458360_1-184.jpg,David,Stroupek,David Stroupek,Men,CUT,M,1.55,44666,89.8,163,458360,24,101,-26,1,1,-26 pts,9,101,2,-26,CAP+19,CAP+19,101
,Ecuador,EC,79f38-P907105_2-184.jpg,Sebastian,Rodriguez,Sebastian Rodriguez,Men,CUT,M,1.74,,79.8,180,907105,22,102,-27,1,1,-27 pts,50,102,2,-27,CAP+19,CAP+19,102
CrossFit Kaban (departed),Belarus,BY,44ef7-P675164_2-184.jpg,Nikita,Yundov,Nikita Yundov,Men,CUT,M,1.55,44715,92.1,157,675164,26,103,-28,1,1,-28 pts,12,103,2,-28,CAP+19,CAP+19,103
,Malaysia,MY,e6cf3-P25613_4-184.jpg,Edmund,Tan,Edmund Tan,Men,CUT,M,1.74,,69.9,206,25613,33,104,-29,1,1,-29 pts,13,104,1,-29,CAP+19,CAP+19,104
Be CrossFit,Jamaica,JM,dd7fb-P495051_5-184.jpg,Sion,Brinn,Sion Brinn,Men,CUT,M,1.89,44768,85.7,208,495051,46,105,-30,1,1,-30 pts,12,105,1,-30,CAP+19,CAP+19,105
CrossFit Townsville,Australia,AU,pukie.png,Bayden,Brown,Bayden Brown,Men,CUT,M,1.55,44723,89.8,126,337194,24,106,-31,1,1,-31 pts,18,106,3,-31,CAP+19,CAP+19,106
CrossFit Pallas,United States,US,c15ef-P20698_9-184.jpg,Tim,Paulson,Tim Paulson,Men,CUT,M,1.86,44774,97.5,120,20698,29,107,-32,1,1,-32 pts,40,107,3,-32,CAP+20,CAP+20,107
CrossFit Limelight,"Korea, Republic of",KR,28046-P278578_3-184.jpg,JiMoo,Son,JiMoo Son,Men,CUT,M,1.74,44739,78.9,150,278578,28,108,-33,1,1,-33 pts,34,108,2,-33,CAP+20,CAP+20,108
Igone CrossFit,Trinidad and Tobago,TT,d3193-P227027_2-184.jpg,Mattheaus,Otero,Mattheaus Otero,Men,CUT,M,1.74,44620,80.7,197,227027,28,109,-34,1,1,-34 pts,34,109,1,-34,CAP+20,CAP+20,109
CrossFit The Flying V,Morocco,MA,a2b0a-P32083_8-184.jpg,Karim,El Hlimi,Karim El Hlimi,Men,CUT,M,1.77,44707,83.9,198,32083,33,110,-35,1,1,-35 pts,17,110,1,-35,CAP+21,CAP+21,110
,Bahamas,BS,ca414-P916290_1-184.jpg,David,Morley,David Morley,Men,CUT,M,1.86,,88.5,219,916290,28,111,-36,1,1,-36 pts,44,111,1,-36,CAP+22,CAP+22,111
RD CrossFit,El Salvador,SV,d8f35-P683301_1-184.jpg,Rodrigo,BeltrÃ¡n,Rodrigo BeltrÃ¡n,Men,CUT,M,1.89,44693,83.9,211,683301,31,112,-37,1,1,-37 pts,11,112,1,-37,CAP+22,CAP+22,112
CrossFit Dignus,Lebanon,LB,8f57c-P523439_1-184.jpg,Moustafa,Awada,Moustafa Awada,Men,CUT,M,1.8,44736,79.8,194,523439,29,113,-38,1,1,-38 pts,19,113,1,-38,CAP+24,CAP+24,113
966 CrossFit Al-Nahda,Saudi Arabia,SA,6e032-P639107_2-184.jpg,Hussain,Saeedi,Hussain Saeedi,Men,CUT,M,1.55,44618,83.9,207,639107,29,114,-39,1,1,-39 pts,39,114,1,-39,CAP+25,CAP+25,114
PUL CrossFit,Peru,PE,489ba-P915210_1-184.jpg,Jovaldo,Miranda,Jovaldo Miranda,Men,CUT,M,1.71,44698,81.2,174,915210,30,115,-40,1,1,-40 pts,48,115,2,-40,CAP+25,CAP+25,115
CrossFit 6221,Indonesia,ID,ce806-P1129621_1-184.jpg,Mahendra,Arditirta,Mahendra Arditirta,Men,CUT,M,1.77,44650,69.9,209,1129621,29,116,-41,1,1,-41 pts,40,116,1,-41,CAP+26,CAP+26,116
CrossFit Leeds,Ghana,GH,b958b-P921544_2-184.jpg,Edem,Ahiaku,Edem Ahiaku,Men,CUT,M,1.8,44726,83.9,230,921544,28,117,-42,1,1,-42 pts,3,117,1,-42,CAP+27,CAP+27,117
CrossFit HelvetiX,Kosovo,XK,c8255-P722854_3-184.jpg,Robert,Berisha,Robert Berisha,Men,CUT,M,1.74,44733,79.8,205,722854,32,118,-43,1,1,-43 pts,38,118,1,-43,CAP+30,CAP+30,118
Training PIT CrossFit,Costa Rica,CR,ab1de-P781908_2-184.jpg,William,Sanchez,William Sanchez,Men,CUT,M,1.74,44751,83,164,781908,28,119,-44,1,1,-44 pts,43,119,2,-44,CAP+30,CAP+30,119
CrossFit Hammersmith,Barbados,BB,ebd25-P352604_3-184.jpg,Richy,Jordan,Richy Jordan,Men,CUT,M,1.55,44760,86.2,214,352604,30,120,-45,1,1,-45 pts,42,120,1,-45,CAP+30,CAP+30,120
CrossFit Florentin,Israel,IL,5fbd6-P327773_1-184.jpg,Yuval,Regev,Yuval Regev,Men,CUT,M,1.8,44687,72.1,151,327773,31,121,-46,1,1,-46 pts,17,121,2,-46,CAP+30,CAP+30,121
CrossFit TANKA,Algeria,DZ,8d246-P848265_2-184.jpg,Chaker,Alouni,Chaker Alouni,Men,CUT,M,1.56,44651,86.2,202,848265,30,122,-47,1,1,-47 pts,15,122,1,-47,CAP+30,CAP+30,122
,Qatar,QA,c51e2-P235246_1-184.jpg,Khalid,Alhamadi,Khalid Alhamadi,Men,CUT,M,1.8,,81.2,225,235246,30,123,-48,1,1,-48 pts,46,123,1,-48,CAP+30,CAP+30,123
,Malta,MT,c251c-P644351_2-184.jpg,Daryl,Borg,Daryl Borg,Men,CUT,M,1.74,,79.8,212,644351,32,124,-49,1,1,-49 pts,41,124,1,-49,CAP+30,CAP+30,124
CrossFit AKA,Iraq,IQ,pukie.png,Mustafa,El-Lari,Mustafa El-Lari,Men,CUT,M,1.55,44757,83.9,223,54259,29,125,-50,1,1,-50 pts,6,125,1,-50,CAP+31,CAP+31,125
CrossFit Limassol,Cyprus,CY,ba829-P296529_2-184.jpg,Achilleas,Pantazis,Achilleas Pantazis,Men,CUT,M,1.8,44668,90.7,169,296529,28,126,-51,1,1,-51 pts,6,126,2,-51,CAP+31,CAP+31,126
Casa CrossFit Anfa,Senegal,SN,ebdc1-P1523543_1-184.jpg,Mody,Traore,Mody Traore,Men,CUT,M,1.77,44750,76.2,229,1523543,39,127,-52,1,1,-52 pts,48,127,1,-52,CAP+33,CAP+33,127
Reebok CrossFit Officine,Italy,IT,96329-P544958_1-184.jpg,Stefano,Migliorini,Stefano Migliorini,Men,CUT,M,1.77,44704,82.1,140,544958,30,128,-53,1,1,-53 pts,24,128,2,-53,CAP+40,CAP+40,128
CrossFit Gaborone,Botswana,BW,2b559-P1223806_1-184.jpg,Katlego,Kgwadi,Katlego Kgwadi,Men,CUT,M,1.74,44749,66.2,231,1223806,31,129,-54,1,1,-54 pts,49,129,1,-54,CAP+40,CAP+40,129
CrossFit 414,Saint Lucia,LC,d3a99-P574502_1-184.jpg,Heskeith,Flavien,Heskeith Flavien,Men,CUT,M,1.74,44691,81.6,226,574502,38,130,-55,1,1,-55 pts,5,130,1,-55,CAP+40,CAP+40,130
,Mozambique,MZ,6d0fa-P851037_1-184.jpg,Pack,Santos,Pack Santos,Men,CUT,M,1.8,,72.1,233,851037,29,131,-56,1,1,-56 pts,50,131,1,-56,CAP+40,CAP+40,131
CrossFit Yiqi,Cambodia,KH,137ce-P555634_2-184.jpg,Kobe,Khy,Kobe Khy,Men,CUT,M,1.74,44649,72.1,222,555634,31,132,-57,1,1,-57 pts,45,132,1,-57,CAP+40,CAP+40,132
CrossFit MalmÃ¶,Afghanistan,AF,fe3b0-P1306552_1-184.jpg,Sami,Salampur,Sami Salampur,Men,CUT,M,1.8,44705,69.9,227,1306552,30,133,-58,1,1,-58 pts,47,133,1,-58,CAP+40,CAP+40,133
CrossFit FE,Nicaragua,NI,fc318-P1122311_1-184.jpg,Arturocesar,Mora,Arturocesar Mora,Men,CUT,M,1.77,44761,83.9,193,1122311,21,134T,-59,1,1,-59 pts,32,134T,1,-59,CAP+41 ,CAP+41,134T
CrossFit BNB,Pakistan,PK,ec202-P457993_3-184.jpg,Bilal,Tariq,Bilal Tariq,Men,CUT,M,1.71,44683,66.2,216,457993,31,134T,-59,1,1,-59 pts,43,134T,1,-59,CAP+41 ,CAP+41,134T
CrossFit 7 Seas,India,IN,fa3de-P253911_1-184.jpg,Vedharth,Thappa,Vedharth Thappa,Men,CUT,M,1.8,44680,84.8,192,253911,25,134T,-59,1,1,-59 pts,20,134T,1,-59,CAP+41 ,CAP+41,134T
CrossFit Mobilus,Singapore,SG,ea942-P425160_3-184.jpg,Ian,Wee,Ian Wee,Men,CUT,M,1.68,44712,70.8,199,425160,24,134T,-59,1,1,-59 pts,35,134T,1,-59,CAP+41 ,CAP+41,134T
Hudson River CrossFit (departed),Bolivia,BO,cde95-P199533_10-184.jpg,J. Rodrigo,Agreda,J. Rodrigo Agreda,Men,CUT,M,1.8,44645,86.2,184,199533,26,138T,-63,1,1,-63 pts,24,138T,1,-63,CAP+42 ,CAP+42,138T
CrossFit Ceylon,Sri Lanka,LK,5c4d9-P96918_4-184.jpg,Andy,Andrews,Andy Andrews,Men,CUT,M,1.71,44728,73.5,221,96918,30,138T,-63,1,1,-63 pts,7,138T,1,-63,CAP+42 ,CAP+42,138T
La Borda CrossFit,Andorra,AD,03216-P464588_6-184.jpg,Enric,Closa,Enric Closa,Men,CUT,M,1.74,44721,86.2,190,464588,32,138T,-63,1,1,-63 pts,21,138T,1,-63,CAP+42 ,CAP+42,138T
CrossFit Port Moresby,Papua New Guinea,PG,56d6c-P1095623_1-184.jpg,Kila,Kilaverave,Kila Kilaverave,Men,CUT,M,1.74,44975,69.9,234,1095623,38,138T,-63,1,1,-63 pts,1,138T,1,-63,CAP+42 ,CAP+42,138T
AllSport CrossFit,Viet Nam,VN,pukie.png,Keith,Nhan,Keith Nhan,Men,CUT,M,1.65,44711,63.5,228,839047,31,138T,-63,1,1,-63 pts,4,138T,1,-63,CAP+42 ,CAP+42,138T
CrossFit ReykjavÃ­k,Denmark,DK,ef40c-P18543_11-184.jpg,Frederik,Aegidius,Frederik Aegidius,Men,CUT,M,1.8,44767,83.9,127,18543,32,143T,,1,1,0,34,CUT,3,0,0,0,CUT
CrossFit Tempo,Oman,OM,pukie.png,Aslam,Al Shukaili,Aslam Al Shukaili,Men,WD,M,1.55,44738,91.2,218,1382942,27,143T,,1,1,0,8,WD,1,0,0,0,WD
CrossFit 061,United States,US,ea7a9-P5312_7-184.jpg,Nicholas,Urankar,Nicholas Urankar,Men (35-39),ACT,X,1.55,44852,87.1,351,5312,35,1,650,1,1,100 pts,15,1,1,100,0.001881366,0.001881366,1
CrossFit Rage,United States,US,4baa9-P4895_11-184.jpg,Jordan,Troyan,Jordan Troyan,Men (35-39),ACT,X,1.55,44880,83.9,359,4895,35,2,600,1,1,70 pts,11,4,1,70,0.001918519,0.001918519,4
CrossFit Akureyri,Iceland,IS,2d586-P125959_2-184.jpg,SigurÃ°ur,Ãžrastarson,SigurÃ°ur Ãžrastarson,Men (35-39),ACT,X,1.55,44875,91.2,357,125959,35,3,580,1,1,20 pts,12,9,1,20,0.00214537,0.00214537,9
CrossFit Saintes,France,FR,b6110-P164390_8-184.jpg,Alexandre,Jolivet,Alexandre Jolivet,Men (35-39),ACT,X,1.77,44925,91.6,355,164390,39,4,560,1,1,80 pts,13,3,1,80,0.001907755,0.001907755,3
CrossFit RDL,Canada,CA,83144-P255163_3-184.jpg,Michael,Laverriere,Michael Laverriere,Men (35-39),ACT,X,0.15,44842,88.5,356,255163,37,5,500,1,1,90 pts,18,2,1,90,0.001893287,0.001893287,2
CrossFit ReykjavÃ­k,Iceland,IS,2bf12-P112137_4-184.jpg,Stefan Helgi,Einarsson,Stefan Helgi Einarsson,Men (35-39),ACT,X,1.55,44767,82.1,358,112137,36,6,400,1,1,30 pts,19,8,1,30,0.002031134,0.002031134,8
CrossFit Duratus,United States,US,pukie.png,Kevin,Longmeier,Kevin Longmeier,Men (35-39),ACT,X,1.55,44906,88.5,354,59012,37,7,400,1,1,60 pts,17,5,1,60,0.001935995,0.001935995,5
Sumner CrossFit,United States,US,25a32-P100797_5-184.jpg,Mike,Abgarian,Mike Abgarian,Men (35-39),ACT,X,1.65,44946,70.3,360,100797,35,8,380,1,1,50 pts,20,6,1,50,0.001956019,0.001956019,6
CrossFit MalmÃ¶,Sweden,SE,pukie.png,David Santa Cruz,Borgstrand,David Santa Cruz Borgstrand,Men (35-39),ACT,X,1.56,44705,91.2,352,1433136,37,9,280,1,1,40 pts,16,7,1,40,0.001978472,0.001978472,7
CrossFit Kinesis,United States,US,2c797-P25569_11-184.jpg,Kyle,Kasperbauer,Kyle Kasperbauer,Men (35-39),WD,X,1.77,44936,86.2,353,25569,37,10,,1,1,0,14,WD,1,0,0,0,WD
5280 CrossFit,United States,US,dd30b-P532455_5-184.jpg,Jason,Grubb,Jason Grubb,Men (40-44),ACT,X,1.77,44930,86.2,407,532455,43,1,640,1,1,30 pts,12,8,1,30,0.002056134,0.002056134,8
In2 CrossFit Farnham,United Kingdom,GB,pukie.png,Richard,Vint,Richard Vint,Men (40-44),ACT,X,1.55,44904,90.7,410,318213,40,2,510,1,1,100 pts,20,1,1,100,0.001918287,0.001918287,1
Fort to Fort CrossFit,Canada,CA,d03cb-P252855_3-184.jpg,Robbie,Perovich,Robbie Perovich,Men (40-44),ACT,X,1.86,44887,90.7,403,252855,42,3,510,1,1,70 pts,14,4,1,70,0.002012731,0.002012731,4
Injustice CrossFit,Australia,AU,d1f82-P278759_9-184.jpg,Caine,Hayes,Caine Hayes,Men (40-44),ACT,X,1.95,44866,98,409,278759,40,4,450,1,1,90 pts,11,2,1,90,0.001976273,0.001976273,2
CrossFit Invictus,United States,US,66145-P29109_2-184.jpg,Nuno,Costa,Nuno Costa,Men (40-44),ACT,X,1.8,44591,77.1,405,29109,40,5,420,1,1,10 pts,13,10,1,10,0.002129977,0.002129977,10
CrossFit Algoa,South Africa,ZA,a068c-P8743_11-184.jpg,David,Levey,David Levey,Men (40-44),ACT,X,1.55,44929,91.2,404,8743,41,6,420,1,1,50 pts,17,6,1,50,0.002036921,0.002036921,6
CrossFit Southie,United States,US,30985-P167005_20-184.jpg,Brian,Campbell,Brian Campbell,Men (40-44),ACT,X,1.56,44816,85.3,406,167005,41,7,400,1,1,80 pts,18,3,1,80,0.002006597,0.002006597,3
CrossFit SPT,United States,US,91820-P171764_1-184.jpg,Heath,Moody,Heath Moody,Men (40-44),ACT,X,1.86,44923,94.3,402,171764,40,8,390,1,1,20 pts,16,9,1,20,0.002105787,0.002105787,9
CrossFit PR Star,United States,US,c242d-P168610_2-184.jpg,Tony,Kurz,Tony Kurz,Men (40-44),ACT,X,1.55,44820,94.8,401,168610,40,9,380,1,1,60 pts,15,5,1,60,0.002017477,0.002017477,5
Superhero CrossFit,United States,US,ccef6-P86878_3-184.jpg,Chris,Anderson,Chris Anderson,Men (40-44),ACT,X,1.8,44848,72.6,408,86878,41,10,370,1,1,40 pts,19,7,1,40,0.002050579,0.002050579,7
Renewed Strength CrossFit,United States,US,c37a9-P631875_1-184.jpg,Joel,Hughes,Joel Hughes,Men (45-49),ACT,X,1.74,44861,78.5,458,631875,45,1,740,1,1,100 pts,19,1,1,100,0.002010069,0.002010069,1
CrossFit Garwood,United States,US,483b3-P116627_7-184.jpg,Justin,Lasala,Justin Lasala,Men (45-49),ACT,X,1.74,44829,83.9,451,116627,45,2,640,1,1,60 pts,15,5,1,60,0.002153472,0.002153472,5
CrossFit Galvanize,United States,US,81f74-P26902_4-184.jpg,Chad,Augustin,Chad Augustin,Men (45-49),ACT,X,1.74,44836,77.6,454,26902,45,3,520,1,1,90 pts,17,2,1,90,0.002078819,0.002078819,2
CrossFit San Benedetto del Tronto,Italy,IT,0df8d-P95809_2-184.jpg,Bernard,Luzi,Bernard Luzi,Men (45-49),ACT,X,1.74,44879,79.8,456,95809,48,4,510,1,1,20 pts,18,9,1,20,0.002252315,0.002252315,9
CrossFit Florian,United States,US,54cbf-P112592_2-184.jpg,Clint,Paddock,Clint Paddock,Men (45-49),ACT,X,1.55,44885,83.9,457,112592,47,5,410,1,1,30 pts,12,8,1,30,0.002235301,0.002235301,8
CrossFit 215,United States,US,af4ad-P17714_3-184.jpg,Mike,Rando,Mike Rando,Men (45-49),ACT,X,1.77,44858,81.6,452,17714,45,6,400,1,1,40 pts,16,7,1,40,0.002183681,0.002183681,7
CrossFit Chomp City,United States,US,cd057-P76101_6-184.jpg,Bob,Ruano,Bob Ruano,Men (45-49),ACT,X,1.68,44915,74.8,453,76101,49,7,390,1,1,70 pts,14,4,1,70,0.002133102,0.002133102,4
CrossFit Teramo,Italy,IT,0b1b2-P278581_1-184.jpg,Giulio,Silvino,Giulio Silvino,Men (45-49),ACT,X,1.8,44822,81.2,460,278581,46,8,270,1,1,50 pts,20,6,1,50,0.002168287,0.002168287,6
Offshore CrossFit,United States,US,a07ae-P110150_4-184.jpg,Bob,Jennings,Bob Jennings,Men (45-49),ACT,X,1.56,44818,83.9,455,110150,46,9,210,1,1,10 pts,13,10,1,10,0.002280093,0.002280093,10
CrossFit Mayhem,United States,US,99efa-P13342_1-184.jpg,Bruce,Thomas,Bruce Thomas,Men (45-49),WD,X,1.71,44632,79.4,459,13342,46,10,350,1,1,80 pts,11,3,1,80,0.002094213,0.002094213,3
Kirkland CrossFit,United States,US,d8676-P721301_2-184.jpg,Kevin,Koester,Kevin Koester,Men (50-54),ACT,X,1.77,44870,77.1,502,721301,52,1,630,1,1,100 pts,16,1,1,100,0.002025116,0.002025116,1
,United States,US,761d1-P297488_2-184.jpg,Gregg,Geerdes,Gregg Geerdes,Men (50-54),ACT,X,1.83,,86.2,501,297488,50,2,620,1,1,20 pts,15,9,1,20,0.002339005,0.002339005,9
CrossFit Dark Side,United States,US,57144-P33259_4-184.jpg,Vic,McQuaide,Vic McQuaide,Men (50-54),ACT,X,1.56,44819,85.3,503,33259,50,3,590,1,1,80 pts,14,3,1,80,0.002229398,0.002229398,3
CrossFit Commence,United States,US,a6cc1-P153858_6-184.jpg,Jody,Hendrix,Jody Hendrix,Men (50-54),ACT,X,1.55,44833,83.9,506,153858,51,4,520,1,1,60 pts,18,5,1,60,0.002230671,0.002230671,5
CrossFit Canal,Brazil,BR,bc35b-P825700_2-184.jpg,Leonardo Wernersbach,Lima,Leonardo Wernersbach Lima,Men (50-54),ACT,X,1.8,44855,84.8,504,825700,52,5,500,1,1,90 pts,17,2,1,90,0.002148958,0.002148958,2
Blitz CrossFit,United Kingdom,GB,24864-P519096_1-184.jpg,Patrick,Murray,Patrick Murray,Men (50-54),ACT,X,1.77,44777,86.2,508,519096,52,6,490,1,1,40 pts,19,7,1,40,0.002325463,0.002325463,7
CrossFit Huntsville,United States,US,9c17a-P121517_8-184.jpg,Paul,McCrary,Paul McCrary,Men (50-54),ACT,X,1.86,44831,90.7,505,121517,54,7,350,1,1,30 pts,13,8,1,30,0.002334491,0.002334491,8
Warlock CrossFit,United States,US,f9942-P50856_7-184.jpg,Charles,Russo,Charles Russo,Men (50-54),ACT,X,1.68,44878,72.1,507,50856,50,8,320,1,1,70 pts,12,4,1,70,0.00222963,0.00222963,4
CrossFit West Plains,United States,US,16d80-P109071_8-184.jpg,Ryan Joe,Hamby,Ryan Joe Hamby,Men (50-54),ACT,X,1.8,44834,85.3,509,109071,51,9,310,1,1,50 pts,11,6,1,50,0.002281134,0.002281134,6
Long Branch CrossFit,United States,US,a0b27-P241233_3-184.jpg,Mark,Ziolkowski,Mark Ziolkowski,Men (50-54),WD,X,1.83,44945,102.1,510,241233,52,10,140,1,1,10 pts,20,10,1,10,0.00236875,0.00236875,10
Resilience CrossFit,United States,US,d2490-P111119_6-184.jpg,Joe,Ames,Joe Ames,Men (55-59),ACT,X,1.86,44919,90.7,553,111119,55,1,530,1,1,40 pts,14,7,1,40,0.006089005,0.006089005,7
CrossFit Unrestrained,United States,US,00d50-P38826_8-184.jpg,Ken,Idler,Kenneth Idler,Men (55-59),ACT,X,1.83,44886,93,558,38826,56,2,530,1,1,80 pts,12,3,1,80,0.005521759,0.005521759,3
Aloha CrossFit,United States,US,50b46-P123429_2-184.jpg,Allen,Duarte,Allen Duarte,Men (55-59),ACT,X,1.65,44840,68.9,552,123429,55,3,520,1,1,90 pts,16,2,1,90,0.005479398,0.005479398,2
CrossFit Rage,United States,US,2693d-P53380_11-184.jpg,Kurt,Stein,Kurt Stein,Men (55-59),ACT,X,1.8,44880,77.1,551,53380,55,4,490,1,1,100 pts,15,1,1,100,0.005227431,0.005227431,1
CrossFit Mozomo,Canada,CA,2acea-P12819_4-184.jpg,Bruce,Young,Bruce Young,Men (55-59),ACT,X,1.55,44838,79.4,555,12819,55,5,460,1,1,70 pts,17,4,1,70,0.005688079,0.005688079,4
,United States,US,e1ab3-P59899_6-184.jpg,Will,Powell,Will Powell,Men (55-59),ACT,X,1.8,,82.6,559,59899,59,6,390,1,1,20 pts,19,9,1,20,0.007731481,0.007731481,9
Ocean State CrossFit,United States,US,45ff0-P299915_5-184.jpg,Stuart,Swanson,Stuart Swanson,Men (55-59),ACT,X,1.77,44896,76.2,557,299915,56,7,350,1,1,30 pts,18,8,1,30,0.006309606,0.006309606,8
CrossFit Balance,United States,US,567a0-P56292_2-184.jpg,Vincent,Lopez,Vincent Lopez,Men (55-59),ACT,X,1.83,44902,83.9,560,56292,56,8,280,1,1,60 pts,11,5,1,60,0.005911806,0.005911806,5
CrossFit 417,United States,US,f5235-P221046_3-184.jpg,Rob,Bernet,Rob Bernet,Men (55-59),ACT,X,1.83,44797,90.7,556,221046,55,9,260,1,1,50 pts,13,6,1,50,0.005980903,0.005980903,6
CrossFit 1st State,United States,US,pukie.png,Paul,Perna,Paul Perna,Men (60+),ACT,X,1.56,44926,84.4,601,750230,60,1,520,1,1,90 pts,15,2,1,90,0.006599653,0.006599653,2
,Canada,CA,pukie.png,Gord,MacKinnon,Gord MacKinnon,Men (60+),ACT,X,1.86,,90.7,606,24918,60,2,490,1,1,30 pts,18,8,1,30,0.007754861,0.007754861,8
CrossFit Connection,Canada,CA,fab9b-P283002_1-184.jpg,Dan,Brannagan,Dan Brannagan,Men (60+),ACT,X,1.55,44837,90.7,602,283002,60,3,480,1,1,50 pts,16,6,1,50,0.006969792,0.006969792,6
CrossFit Adrenaline,United States,US,21b2f-P536200_2-184.jpg,Carl,Giuffre,Carl Giuffre,Men (60+),ACT,X,1.74,44827,74.4,603,536200,60,4,470,1,1,60 pts,14,5,1,60,0.00686088,0.00686088,5
CrossFit Sport,Iceland,IS,2889e-P18975_2-184.jpg,Hilmar,Hardarson,Hilmar Hardarson,Men (60+),ACT,X,1.71,44934,73.9,605,18975,62,5,460,1,1,80 pts,13,3,1,80,0.006605787,0.006605787,3
CrossFit SolaFide,United States,US,68470-P57724_4-184.jpg,David,Hippensteel,David Hippensteel,Men (60+),ACT,X,1.77,44939,73.9,607,57724,63,6,400,1,1,100 pts,12,1,1,100,0.006251042,0.006251042,1
The Arena Nevada CrossFit,United States,US,8467d-P464020_6-184.jpg,Michael,Brown,Michael Brown,Men (60+),ACT,X,1.55,44853,81.6,608,464020,61,7,340,1,1,40 pts,19,7,1,40,0.007061111,0.007061111,7
Double Down CrossFit,United States,US,d29f9-P661916_2-184.jpg,Ken,Wellner,Ken Wellner,Men (60+),ACT,X,1.56,44890,79.4,604,661916,60,8,310,1,1,10 pts,17,10,1,10,0.010158681,0.010158681,10
CrossFit Beaufort,United States,US,99f37-P256405_9-184.jpg,David,Hardie,David Hardie,Men (60+),ACT,X,1.55,44949,72.6,610,256405,61,9,290,1,1,70 pts,20,4,1,70,0.006718519,0.006718519,4
CrossFit Dallas Central,United States,US,965f4-P522158_1-184.jpg,Tom,de Nolf,Tom de Nolf,Men (60+),ACT,X,1.77,44815,74.8,609,522158,60,10,140,1,1,20 pts,11,9,1,20,0.00818831,0.00818831,9
CrossFit Mayhem,Australia,AU,b8a69-P163097_3-184.jpg,Tia-Clair,Toomey,Tia-Clair Toomey,Women,ACT,F,1.65,44632,58.1,17,163097,25,1,1071,1,1,100 pts,23,1,3,100,0.011766551,0.011766551,1
CrossFit Oslo,Norway,NO,df164-P120480_7-184.jpg,Kristin,Holte,Kristin Holte,Women,ACT,F,1.65,44731,59,122,120480,33,2,876,1,1,88 pts,27,7,3,88,CAP+2,CAP+2,7
CrossFit Yas,New Zealand,NZ,101af-P264512_2-184.jpg,Jamie,Greene,Jamie Greene,Women,ACT,F,1.65,44663,61.2,123,264512,28,3,851,1,1,96 pts,24,3,3,96,0.013202199,0.013202199,3
CrossFit New England,Iceland,IS,ee582-P55121_22-184.jpg,KatrÃ­n Tanja,Davidsdottir,Katrin Tanja Davidsdottir,Women,ACT,F,1.74,44608,68,15,55121,26,4,784,1,1,60 pts,32,21,3,60,CAP+9,CAP+9,21
CrossFit Spot,United States,US,17c8c-P305891_3-184.jpg,Karissa,Pearce,Karissa Pearce,Women,ACT,F,1.62,44589,63,103,305891,30,5,714,1,1,98 pts,22,2,3,98,0.012689236,0.012689236,2
CrossFit Mayhem,United States,US,4c00e-P671666_8-184.jpg,Haley,Adams,Haley Adams,Women,ACT,F,1.71,44632,64.9,116,671666,18,6,711,1,1,94 pts,12,4,3,94,0.013202894,0.013202894,4
Centerville CrossFit,United States,US,7a4f2-P174547_5-184.jpg,Amanda,Barnhart,Amanda Barnhart,Women,ACT,F,1.74,44601,70.3,104,174547,27,7,706,1,1,64 pts,30,19,3,64,CAP+9,CAP+9,19
Streamline CrossFit,United States,US,69340-P592472_6-184.jpg,Bethany,Shadburne,Bethany Shadburne,Women,ACT,F,1.65,44951,65.8,301,592472,25,8,659,1,1,78 pts,22,12,2,78,CAP+8,CAP+8,12
CrossFit Kallithea,Greece,GR,5b3c7-P252900_1-184.jpg,Anna,Fragkou,Anna Fragkou,Women,ACT,F,1.62,44717,63,167,252900,29,9,640,1,1,80 pts,43,11,2,80,CAP+8,CAP+8,11
CrossFit Zug,Iceland,IS,4641e-P19501_6-184.jpg,Thuridur Erla,Helgadottir,Thuridur Erla Helgadottir,Women,ACT,F,1.68,44952,59,119,19501,27,10,611,1,1,74 pts,10,14,3,74,CAP+8,CAP+8,14
CrossFit Envy,United States,US,59c42-P349097_4-184.jpg,Danielle,Brandon,Danielle Brandon,Women,CUT,F,1.74,44754,68,108,349097,23,11,376,1,1,58 pts,18,22,3,58,CAP+9,CAP+9,22
CrossFit ReykjavÃ­k,Iceland,IS,15f17-P18588_4-184.jpg,Annie,Thorisdottir,Annie Thorisdottir,Women,CUT,F,1.74,44767,68.9,11,18588,29,12,370,1,1,90 pts,25,6,3,90,CAP+1,CAP+1,6
CrossFit Colosseum,Canada,CA,9bab8-P239148_10-184.jpg,Carolyne,Prevost,Carolyne Prevost,Women,CUT,F,1.62,44598,65.3,107,239148,29,13,365,1,1,42 pts,19,33,3,42,CAP+11,CAP+11,33
Diablo CrossFit,Italy,IT,a0400-P37537_14-184.jpg,Alessandra,Pichelli,Alessandra Pichelli,Women,CUT,F,1.71,44640,70.3,130,37537,33,14,365,1,1,82 pts,16,10,3,82,CAP+7,CAP+7,10
CrossFit BBros,Hungary,HU,c1412-P591912_5-184.jpg,Laura,Horvath,Laura Horvath,Women,CUT,F,1.74,44659,68.9,152,591912,22,15,356,1,1,70 pts,16,16,2,70,CAP+9,CAP+9,16
CrossFit T-Town,United States,US,16c0e-P168305_8-184.jpg,Brooke,Wells,Brooke Wells,Women,CUT,F,1.71,44603,68,102,168305,24,16,351,1,1,62 pts,29,20,3,62,CAP+9,CAP+9,20
CrossFit Saint Jerome,Canada,CA,fb6c4-P103389_9-184.jpg,Carol-Ann,Reason-Thibault,Carol-Ann Reason-Thibault,Women,CUT,F,1.68,44615,65.8,126,103389,31,17,328,1,1,56 pts,21,23,3,56,CAP+9,CAP+9,23
CrossFit Black Five,United Kingdom,GB,0e63d-P2536_14-184.jpg,Samantha,Briggs,Samantha Briggs,Women,CUT,F,1.74,44674,61.2,13,2536,37,18,318,1,1,86 pts,35,8,3,86,CAP+6,CAP+6,8
,Canada,CA,22eb9-P484380_3-184.jpg,Emily,Rolfe,Emily Rolfe,Women,CUT,F,1.74,,68,314,484380,30,19,317,1,1,21 pts,3,54,1,21,CAP+20,CAP+20,54
CrossFit Sudurnes,Iceland,IS,53249-P8859_6-184.jpg,RagnheiÃ°ur Sara,Sigmundsdottir,RagnheiÃ°ur Sara Sigmundsdottir,Women,CUT,F,1.77,44631,68.9,121,8859,26,20,294,1,1,35 pts,26,40,3,35,CAP+19,CAP+19,40
CrossFit Berserk,Ireland,IE,69815-P239442_5-184.jpg,Emma,McQuaid,Emma McQuaid,Women,CUT,F,1.68,44667,64,128,239442,29,21,255,1,1,72 pts,33,15,3,72,CAP+8,CAP+8,15
CrossFit Alpha Prime,Slovakia,SK,f5632-P698210_3-184.jpg,Karin,FreyovÃ¡,Karin FreyovÃ¡,Women,CUT,F,1.74,44724,73,127,698210,24,22,254,1,1,17 pts,20,58,3,17,CAP+22,CAP+22,58
CrossFit Urge,Australia,AU,082c4-P21556_8-184.jpg,Madeline,Sturt,Madeline Sturt,Women,CUT,F,1.58,44785,62.1,303,21556,22,23,244,1,1,84 pts,45,9,3,84,CAP+6,CAP+6,9
CrossFit Queens,United States,US,55677-P115892_12-184.jpg,Meg,Reardon,Meg Reardon,Women,CUT,F,1.71,44956,68,306,115892,27,24,243,1,1,68 pts,24,17,2,68,CAP+9,CAP+9,17
CrossFit Mentality,United States,US,25dfc-P252691_6-184.jpg,Feeroozeh,Saghafi,Feeroozeh Saghafi,Women,CUT,F,1.58,44597,57.6,112,252691,24,25,237,1,1,92 pts,15,5,3,92,CAP,CAP,5
CrossFit Northlake,United States,US,d678c-P93497_6-184.jpg,Mekenzie,Riley,Mekenzie Riley,Women,CUT,F,1.65,44607,70.3,105,93497,31,26,228,1,1,36 pts,31,39,3,36,CAP+17,CAP+17,39
SUBU CrossFit,United States,US,47a8d-P670000_4-184.jpg,Dani,Speegle,Dani Speegle,Women,CUT,F,1.71,44644,76.2,124,670000,25,27,226,1,1,52 pts,28,25,3,52,CAP+10,CAP+10,25
,United States,US,cc303-P245403_2-184.jpg,Colleen,Fotsch,Colleen Fotsch,Women,CUT,F,1.77,,75.7,117,245403,29,28,222,1,1,50 pts,40,26,3,50,CAP+11,CAP+11,26
,Sweden,SE,b64c8-P2088_7-184.jpg,Camilla,Salomonsson Hellman,Camilla Salomonsson Hellman,Women,CUT,F,1.68,,67.6,131,2088,28,29,208,1,1,31 pts,37,44,3,31,CAP+19,CAP+19,44
CrossFit Dux,Australia,AU,1cb92-P477709_2-184.jpg,Courtney,Haley,Courtney Haley,Women,CUT,F,1.68,44775,68.9,118,477709,24,30,191,1,1,66 pts,41,18,3,66,CAP+9,CAP+9,18
CrossFit Vertex,United States,US,e32e0-P531598_13-184.jpg,Paige,Semenza,Paige Semenza,Women,CUT,F,1.62,44900,64.9,310,531598,27,31,171,1,1,54 pts,17,24,2,54,CAP+10,CAP+10,24
CrossFit Kungsholmen,Sweden,SE,45a8f-P887297_1-184.jpg,Emma,Tall,Emma Tall,Women,CUT,F,1.71,44957,69.9,305,887297,27,32,168,1,1,48 pts,46,27,1,48,CAP+11,CAP+11,27
CrossFit Iron Industry,United States,US,e5119-P106129_14-184.jpg,Carrie,Beamer,Carrie Beamer,Women,CUT,F,1.62,44653,61.2,114,106129,27,33,167,1,1,34 pts,38,41,3,34,CAP+19,CAP+19,41
CrossFit Lyon,France,FR,e0d82-P330326_3-184.jpg,Carole,Castellani,Carole Castellani,Women,CUT,F,1.74,44611,68.9,138,330326,30,34,156,1,1,44 pts,7,31,3,44,CAP+11,CAP+11,31
CrossFit Ballina,United States,US,82da0-P43198_4-184.jpg,Lindsay,Vaughan,Lindsay Vaughan,Women,CUT,F,1.77,44958,69.9,311,43198,34,35,152,1,1,32 pts,31,43,2,32,CAP+19,CAP+19,43
,Switzerland,CH,bd785-P390443_1-184.jpg,Alessia Joy,WÃ¤lchli,Alessia Joy WÃ¤lchli,Women,CUT,F,1.71,,66.2,144,390443,25,36,152,1,1,28 pts,29,47,2,28,CAP+19,CAP+19,47
CrossFit El Camino,Chile,CL,c96ac-P635438_2-184.jpg,Simona,Quintana,Simona Quintana,Women,CUT,F,1.71,44657,64.9,146,635438,23,37,141,1,1,23 pts,20,52,2,23,CAP+20,CAP+20,52
CrossFit Riders,Sweden,SE,cd349-P796219_2-184.jpg,Hanna,Karlsson,Hanna Karlsson,Women,CUT,F,1.8,44592,79.8,309,796219,26,38,132,1,1,33 pts,47,42,1,33,CAP+19,CAP+19,42
CrossFit EHOH,Iceland,IS,08a04-P96750_7-184.jpg,OddrÃºn Eik,Gylfadottir,OddrÃºn Eik Gylfadottir,Women,CUT,F,1.65,44953,58.1,308,96750,30,39,125,1,1,76 pts,33,13,2,76,CAP+8,CAP+8,13
CrossFit Tradition,United States,US,f4527-P9759_2-184.jpg,Cheryl,Nasso,Cheryl Nasso,Women,CUT,F,1.65,44955,56.7,120,9759,34,40,122,1,1,38 pts,42,37,3,38,CAP+16,CAP+16,37
CrossFit 915,United States,US,733ab-P279929_7-184.jpg,Rachel,Garibay,Rachel Garibay,Women,CUT,F,0.15,44959,59,312,279929,27,41,100,1,1,26 pts,4,49,1,26,CAP+20,CAP+20,49
,South Africa,ZA,1a090-P505225_1-184.jpg,Michelle,Merand,Michelle Merand,Women,CUT,F,1.58,,59.9,304,505225,30,42,98,1,1,30 pts,6,45,1,30,CAP+19,CAP+19,45
Tantum CrossFit,Bosnia and Herzegovina,BA,d51a9-P667707_5-184.jpg,Ksenija,Kecman,Ksenija Kecman,Women,CUT,F,1.55,44690,68.9,185,667707,30,43,90,1,1,46 pts,22,29,1,46,CAP+11,CAP+11,29
,United States,US,acfbd-P238208_6-184.jpg,Katie,Trombetta,Katie Trombetta,Women,CUT,F,1.62,,67.1,113,238208,28,44,89,1,1,43 pts,14,32,3,43,CAP+11,CAP+11,32
CrossFit Punt Uit,Netherlands,NL,ca838-P248235_6-184.jpg,Leonie,Henrich,Leonie Henrich,Women,CUT,F,1.74,44671,71.2,143,248235,25,45,86,1,1,45 pts,23,30,2,45,CAP+11,CAP+11,30
InnerFight CrossFit DXB,Belgium,BE,127c3-P103617_4-184.jpg,Carmen,Bosmans,Carmen Bosmans,Women,CUT,F,1.71,44652,69.9,137,103617,30,46,80,1,1,41 pts,44,34,3,41,CAP+11,CAP+11,34
C23 CrossFit,Norway,NO,162ae-P299053_2-184.jpg,Jacqueline,DahlstrÃ¸m,Jacqueline DahlstrÃ¸m,Women,CUT,F,1.71,44735,67.1,111,299053,27,47,77,1,1,40 pts,36,35,3,40,CAP+12,CAP+12,35
CrossFit Limassol,Cyprus,CY,d31dd-P258629_1-184.jpg,Thelma,Christoforou,Thelma Christoforou,Women,CUT,F,1.71,44668,64.9,140,258629,32,48,74,1,1,47 pts,25,28,2,47,CAP+11,CAP+11,28
Kingbull CrossFit,Paraguay,PY,67b53-P452187_3-184.jpg,Carol,Colling-Romero,Carol Colling-Romero,Women,CUT,F,1.58,44630,55.8,164,452187,26,49,71,1,1,39 pts,10,36,2,39,CAP+13,CAP+13,36
CrossFit Vero Beach,United States,US,70cfb-P871307_4-184.jpg,McKenzie,Flinchum,McKenzie Flinchum,Women,CUT,F,1.68,44604,66.7,109,871307,27,50,69,1,1,20 pts,34,55,3,20,CAP+21,CAP+21,55
CrossFit Jackhammer,Germany,DE,52c51-P527011_4-184.jpg,Lisa,Eble,Lisa Eble,Women,CUT,F,1.62,44648,65.8,149,527011,28,51,54,1,1,22 pts,18,53,2,22,CAP+20,CAP+20,53
Root 18 CrossFit,United States,US,9a3bd-P151555_4-184.jpg,Erin,Vandendriessche,Erin Vandendriessche,Women,CUT,F,1.74,44954,65.8,307,151555,28,52,48,1,1,8 pts,5,67,1,8,CAP+30,CAP+30,67
CrossFit 19.05,Russian Federation,RU,e50bc-P238026_2-184.jpg,Anastasiya,Ganina,Anastasiya Ganina,Women,CUT,F,1.74,44670,68.9,142,238026,34,53,46,1,1,27 pts,28,48,2,27,CAP+19,CAP+19,48
CrossFit SkyLight,Turkey,TR,fdbbe-P350442_5-184.jpg,Neyran,Guneli,Neyran Guneli,Women,CUT,F,1.74,44759,68,182,350442,37,54,45,1,1,37 pts,28,38,1,37,CAP+16,CAP+16,38
Crucible CrossFit,United States,US,da460-P115239_4-184.jpg,Brooke,Haas,Brooke Haas,Women,CUT,F,1.62,44594,68.9,110,115239,30,55,44,1,1,15 pts,17,60,3,15,CAP+22,CAP+22,60
CrossFit Tigran,Mexico,MX,9a8bc-P242149_5-184.jpg,Brenda,Castro,Brenda Castro,Women,CUT,F,1.65,44639,62.6,148,242149,30,56,43,1,1,0 pts,19,75,2,0,CAP+30,CAP+30,75
CrossFit Kreis 9,Finland,FI,4afa1-P39517_4-184.jpg,Emilia,Leppanen,Emilia Leppanen,Women,CUT,F,1.68,44725,68,135,39517,32,57,40,1,1,29 pts,43,46,3,29,CAP+19,CAP+19,46
CrossFit Hanuman,France,FR,763c8-P120277_6-184.jpg,Sabrina,Caron,Sabrina Caron,Women,CUT,F,1.62,44970,58.1,315,120277,27,58,36,1,1,25 pts,21,50,2,25,CAP+20,CAP+20,50
CrossFit RI,Australia,AU,bbd68-P120247_2-184.jpg,Katelin,Van Zyl,Katelin Van Zyl,Women,CUT,F,1.74,44616,68,115,120247,27,59,36,1,1,16 pts,39,59,3,16,CAP+22,CAP+22,59
CrossFit Valeo,Bulgaria,BG,b8f90-P215510_5-184.jpg,Ralitza,Koterlitzova,Ralitza Koterlitzova,Women,CUT,F,1.62,44692,61.2,161,215510,30,60,35,1,1,24 pts,40,51,2,24,CAP+20,CAP+20,51
,Croatia,HR,d6dbe-P120265_4-184.jpg,Tamara,Zulim,Tamara Zulim,Women,CUT,F,1.74,,59.9,174,120265,35,61,35,1,1,12 pts,5,63,2,12,CAP+23,CAP+23,63
Faster CrossFit,Colombia,CO,71d0d-P1299203_3-184.jpg,Maria Camila,Quintero,Maria Camila Quintero,Women,CUT,F,1.55,44642,59,159,1299203,23,62,34,1,1,6 pts,39,69T,2,6,CAP+30,CAP+30,69T
Blues City CrossFit,United States,US,2a499-P235110_4-184.jpg,Taylor,Streid,Taylor Streid,Women,CUT,F,1.71,44950,63.5,302,235110,28,63,32,1,1,14 pts,26,61,2,14,CAP+22,CAP+22,61
CrossFit White City,Israel,IL,8e861-P855131_2-184.jpg,Nicole,Pettel,Nicole Pettel,Women,CUT,F,1.62,44740,68,156,855131,27,64,28,1,1,4 pts,14,71,2,4,CAP+30,CAP+30,71
CrossFit Gurkha,Brazil,BR,04e97-P485089_5-184.jpg,Renata,Pimentel,Renata Pimentel,Women,CUT,F,1.8,44609,73,136,485089,36,65,28,1,1,13 pts,8,62,3,13,CAP+22,CAP+22,62
Igone CrossFit,Trinidad and Tobago,TT,c08ce-P244718_1-184.jpg,Lyndsay,Murray,Lyndsay Murray,Women,CUT,F,1.74,44620,58.1,200,244718,29,66,27,1,1,19 pts,15,56,1,19,CAP+22,CAP+22,56
CrossFit Minatomirai,Japan,JP,47204-P1055578_2-184.jpg,Akiko,Kamitani,Akiko Kamitani,Women,CUT,F,1.55,44710,52.2,170,1055578,30,67,26,1,1,18 pts,7,57,2,18,CAP+22,CAP+22,57
CrossFit Tecun Uman,Guatemala,GT,9b212-P359849_9-184.jpg,Vera,Valdez,Vera Valdez,Women,CUT,F,1.65,44771,59,166,359849,30,68,21,1,1,6 pts,9,69T,2,6,CAP+30,CAP+30,69T
Reebok CrossFit Valens,Luxembourg,LU,ed5a6-P331478_1-184.jpg,Jacky,Schmitt,Jacky Schmitt,Women,CUT,F,1.68,44664,60.8,183,331478,25,69,19,1,1,11 pts,23,64,1,11,CAP+24,CAP+24,64
Avant Garde CrossFit,Philippines,PH,dfb4b-P477570_4-184.jpg,Kristen,Lim,Kristen Lim,Women,CUT,F,1.65,44742,66.7,157,477570,26,70,18,1,1,1 pts,38,74,2,1,CAP+30,CAP+30,74
,Austria,AT,202f1-P227678_3-184.jpg,Vanessa,Wagner,Vanessa Wagner,Women,CUT,F,1.74,,64.9,141,227678,28,71,18,1,1,3 pts,27,72,2,3,CAP+30,CAP+30,72
CrossFit Wolvish,India,IN,pukie.png,Sanjana,Sivasalapathi,Sanjana Sivasalapathi,Women,CUT,F,1.62,44622,54.4,169,728984,26,72,18,1,1,10 pts,44,65,2,10,CAP+27,CAP+27,65
CrossFit October,Ukraine,UA,61057-P156732_2-184.jpg,Ganna,Almazova,Ganna Almazova,Women,CUT,F,1.68,44686,63,147,156732,32,73,17,1,1,9 pts,32,66,2,9,CAP+29,CAP+29,66
Lofteriet CrossFit,Denmark,DK,b4c66-P695821_4-184.jpg,Julie,HougÃ¥rd,Julie HougÃ¥rd,Women,WD,F,1.77,44679,68,133,695821,27,74,15,1,1,7 pts,11,68,3,7,CAP+30,CAP+30,68
CrossFit Walleye,Sweden,SE,afea2-P468509_1-184.jpg,Alice,Mille,Alice Mille,Women,CUT,F,1.8,44960,68.9,313,468509,25,75,10,1,1,2 pts,48,73,1,2,CAP+30,CAP+30,73
Morpho CrossFit,Costa Rica,CR,2c947-P517771_2-184.jpg,Marisol,Umana,Marisol Umana,Women,CUT,F,1.52,44764,57.2,172,517771,35,76,-1,1,1,-1 pts,6,76,2,-1,CAP+30,CAP+30,76
CrossFit 72D,Poland,PL,51d72-P764556_4-184.jpg,Gabriela,MigaÅ‚a,Gabriela Miga?a,Women,CUT,F,1.74,44654,72.1,132,764556,20,77,-2,1,1,-2 pts,13,77,3,-2,CAP+30,CAP+30,77
CrossFit Norte Redondela,Spain,ES,9154c-P683305_3-184.jpg,Sara Alicia,Fernandez Costas,Sara Alicia Fernandez Costas,Women,CUT,F,1.58,44727,64,139,683305,29,78,-3,1,1,-3 pts,6,78,3,-3,CAP+31,CAP+31,78
Altair CrossFit,Peru,PE,80020-P295501_4-184.jpg,Sofia,Bermeo,Sofia Bermeo,Women,CUT,F,1.71,44770,65.8,158,295501,31,79,-4,1,1,-4 pts,13,79,2,-4,CAP+31,CAP+31,79
,Malta,MT,pukie.png,Jessica,Borg Ghigo,Jessica Borg Ghigo,Women,CUT,F,1.71,,69.9,165,1119795,35,80,-5,1,1,-5 pts,42,80,2,-5,CAP+31,CAP+31,80
Freakin CrossFit,Nicaragua,NI,4a502-P978472_1-184.jpg,Fernanda,Saavedra,Fernanda Saavedra,Women,CUT,F,1.62,44720,63.5,180,978472,26,81,-6,1,1,-6 pts,27,81,1,-6,CAP+32,CAP+32,81
CrossFit With Us,Czech Republic,CZ,a4796-P663979_1-184.jpg,Sona,Karaskova,Sona Karaskova,Women,CUT,F,1.71,44666,72.1,150,663979,31,82,-7,1,1,-7 pts,34,82,2,-7,CAP+32,CAP+32,82
CrossFit Engine 38,Oman,OM,b92ff-P498697_3-184.jpg,Pasent,Medhat,Pasent Medhat,Women,CUT,F,1.58,44697,58.1,192,498697,31,83,-8,1,1,-8 pts,33,83,1,-8,CAP+33,CAP+33,83
,Dominican Republic,DO,48a12-P1351483_1-184.jpg,Sheerly,Bueno Reyes,Sheerly Bueno Reyes,Women,CUT,F,0.15,,55.3,178,1351483,21,84,-9,1,1,-9 pts,26,84,1,-9,CAP+34,CAP+34,84
CrossFit San Pedro Town,Belize,BZ,a6c01-P922058_1-184.jpg,Cricel,Castillo,Cricel Castillo,Women,CUT,F,1.52,44625,54.4,189,922058,30,85,-10,1,1,-10 pts,20,85,1,-10,CAP+36,CAP+36,85
CrossFit MetaliZe,United Arab Emirates,AE,b28bf-P953791_2-184.jpg,Shahad,Budebs,Shahad Budebs,Women,CUT,F,1.62,44623,55.8,176,953791,24,86,-11,1,1,-11 pts,4,86,2,-11,CAP+36,CAP+36,86
Tallinn CrossFit,Estonia,EE,247da-P1217058_4-184.jpg,Anastassia,Psenitsnaja,Anastassia Psenitsnaja,Women,CUT,F,1.74,44661,68.9,181,1217058,24,87,-12,1,1,-12 pts,24,87,1,-12,CAP+37,CAP+37,87
CrossFit Limburg,Indonesia,ID,3bfbc-P899345_1-184.jpg,Citra,Ramaniya,Citra Ramaniya,Women,CUT,F,1.58,44716,58.1,191,899345,36,88,-13,1,1,-13 pts,19,88,1,-13,CAP+40,CAP+40,88
CrossFit 965,Kuwait,KW,7a441-P297753_3-184.jpg,Hajer,Jamal,Hajer Jamal,Women,CUT,F,1.55,44619,61.2,196,297753,32,89,-14,1,1,-14 pts,35,89,1,-14,CAP+40,CAP+40,89
CrossFit Ramallah,Palestinian Territory,PS,92818-P661734_2-184.jpg,Marian,Khoury,Marian Khoury,Women,CUT,F,1.65,44729,56.7,212,661734,26,90,-15,1,1,-15 pts,10,90,1,-15,CAP+40,CAP+40,90
Diablo CrossFit,Namibia,NA,dd19f-P106380_2-184.jpg,Lara,Erlank,Lara Erlank,Women,CUT,F,1.71,44640,70.3,173,106380,31,91,-16,1,1,-16 pts,46,91,2,-16,CAP+40,CAP+40,91
Reebok CrossFit PTY,Panama,PA,e9518-P1237131_1-184.jpg,Luaneth,Alveo,Luaneth Alveo,Women,CUT,F,0.03,44633,58.1,179,1237131,20,92T,-17,1,1,-17 pts,25,92T,1,-17,CAP+41,CAP+41,92T
,Malaysia,MY,67c12-P451905_1-184.jpg,Amira,Ayob,Amira Ayob,Women,CUT,F,1.55,,54,199,451905,28,92T,-17,1,1,-17 pts,36,92T,1,-17,CAP+41,CAP+41,92T
Barra Norte CrossFit,Bolivia,BO,575cb-P737357_4-184.jpg,Martha,Berrocal,Martha Berrocal,Women,CUT,F,1.65,44748,58.1,155,737357,32,92T,-17,1,1,-17 pts,37,92T,2,-17,CAP+41,CAP+41,92T
,Romania,RO,0bf75-P456619_5-184.jpg,Oana Catalina,Chelmus,Oana Catalina Chelmus,Women,CUT,F,1.62,,59.9,151,456619,32,92T,-17,1,1,-17 pts,35,92T,2,-17,CAP+41,CAP+41,92T
Mad Hall CrossFit,Belarus,BY,a58e2-P685943_1-184.jpg,Tatiana,Diakou,Tatiana Diakou,Women,CUT,F,1.68,44744,68,184,685943,19,92T,-17,1,1,-17 pts,29,92T,1,-17,CAP+41,CAP+41,92T
CrossFit Towards,Barbados,BB,89fcb-P239902_2-184.jpg,Kira,Oliver,Kira Oliver,Women,CUT,F,1.74,44624,59,190,239902,37,92T,-17,1,1,-17 pts,32,92T,1,-17,CAP+41,CAP+41,92T
Lycan CrossFit,Ecuador,EC,2985b-P239210_3-184.jpg,Andrea,Rodriguez,Andrea Rodriguez,Women,CUT,F,1.68,44629,74.8,171,239210,33,92T,-17,1,1,-17 pts,45,92T,2,-17,CAP+41,CAP+41,92T
,Argentina,AR,9fb3f-P534577_4-184.jpg,Melina,Rodriguez,Melina Rodriguez,Women,CUT,F,1.55,,62.6,134,534577,23,92T,-17,1,1,-17 pts,9,92T,3,-17,CAP+41,CAP+41,92T
CrossFit Tijger Valley,South Africa,ZA,2b314-P101929_8-184.jpg,Dina,Swift,Dina Swift,Women,CUT,F,1.55,44637,79.8,154,101929,30,92T,-17,1,1,-17 pts,15,92T,2,-17,CAP+41,CAP+41,92T
Rock CrossFit Paramaribo,Suriname,SR,95aa1-P1280595_1-184.jpg,Ava,Zalman,Ava Zalman,Women,CUT,F,1.71,44763,62.1,210,1280595,17,92T,-17,1,1,-17 pts,11,92T,1,-17,CAP+41,CAP+41,92T
CrossFit Zest,"Korea, Republic of",KR,8161e-P56664_8-184.jpg,Heidi,Choi,Heidi Choi,Women,CUT,F,1.65,44646,58.1,162,56664,33,102T,-27,1,1,-27 pts,11,102T,2,-27,CAP+42 ,CAP+42,102T
CrossFit Mobilus,Singapore,SG,a06df-P444527_6-184.jpg,Landy Pui Boon,Eng,Landy Pui Boon Eng,Women,CUT,F,1.62,44712,59.9,187,444527,30,102T,-27,1,1,-27 pts,21,102T,1,-27,CAP+42 ,CAP+42,102T
CrossFit Tycoons,Egypt,EG,6dcab-P1192351_3-184.jpg,Aya,Fouad,Aya Fouad,Women,CUT,F,1.55,44703,59.9,163,1192351,25,102T,-27,1,1,-27 pts,41,102T,2,-27,CAP+42 ,CAP+42,102T
CrossFit Del Sur,Uruguay,UY,527ab-P345836_15-184.jpg,Victoria,Frascolla,Victoria Frascolla,Women,CUT,F,1.68,44706,59.9,175,345836,28,102T,-27,1,1,-27 pts,47,102T,2,-27,CAP+42 ,CAP+42,102T
CrossFit Al Ain,Syrian Arab Republic,SY,8b303-P1203632_1-184.jpg,Alaa,Hannora,Alaa Hannora,Women,CUT,F,1.55,44660,53.1,211,1203632,32,102T,-27,1,1,-27 pts,41,102T,1,-27,CAP+42 ,CAP+42,102T
CrossFit X Ray,China,CN,b9435-P893571_1-184.jpg,Tsai-Jui,Hung,Tsai-Jui Hung,Women,CUT,F,1.65,44718,63,168,893571,26,102T,-27,1,1,-27 pts,8,102T,2,-27,CAP+42 ,CAP+42,102T
Reebok CrossFit 673,Brunei Darussalam,BN,70370-P586509_3-184.jpg,Nina,Juna,Nina Juna,Women,CUT,F,1.58,44730,59.9,193,586509,27,102T,-27,1,1,-27 pts,18,102T,1,-27,CAP+42 ,CAP+42,102T
CrossFit Ain Diab,Morocco,MA,a709f-P1037933_2-184.jpg,Sanaa,Mandar,Sanaa Mandar,Women,CUT,F,1.68,44745,65.8,205,1037933,31,102T,-27,1,1,-27 pts,39,102T,1,-27,CAP+42 ,CAP+42,102T
CrossFit TDS (Inactive),Kenya,KE,014fc-P1111705_1-184.jpg,Sheena,Miller,Sheena Miller,Women,CUT,F,1.8,44656,68,204,1111705,36,102T,-27,1,1,-27 pts,13,102T,1,-27,CAP+42 ,CAP+42,102T
,Honduras,HN,4fb38-P687711_1-184.jpg,Gabriela,Perez,Gabriela Perez,Women,CUT,F,1.71,,61.2,160,687711,28,102T,-27,1,1,-27 pts,12,102T,2,-27,CAP+42 ,CAP+42,102T
CrossFit Feira,Portugal,PT,7e476-P382954_2-184.jpg,Sara,Pinto,Sara Pinto,Women,CUT,F,1.65,44675,60.8,153,382954,30,102T,-27,1,1,-27 pts,36,102T,2,-27,CAP+42 ,CAP+42,102T
Reebok CrossFit Louvre,Tunisia,TN,fa495-P106999_5-184.jpg,Jessica,Sanki,Jessica Sanki,Women,CUT,F,1.68,44678,65.8,194,106999,38,102T,-27,1,1,-27 pts,34,102T,1,-27,CAP+42 ,CAP+42,102T
CrossFit 309,Lebanon,LB,892e3-P1169213_1-184.jpg,Danielle,Shanine,Danielle Shanine,Women,CUT,F,1.58,44694,57.6,195,1169213,26,102T,-27,1,1,-27 pts,17,102T,1,-27,CAP+42 ,CAP+42,102T
Patriot CrossFit,Lithuania,LT,6a0f9-P246355_1-184.jpg,Vilija,Teel,Vilija Teel,Women,CUT,F,1.71,44641,63.5,198,246355,43,102T,-27,1,1,-27 pts,16,102T,1,-27,CAP+42 ,CAP+42,102T
CrossFit Fortaleza,El Salvador,SV,930f8-P671201_1-184.jpg,Patricia,Trujillo,Patricia Trujillo,Women,CUT,F,1.25,44769,52.2,201,671201,44,102T,-27,1,1,-27 pts,37,102T,1,-27,CAP+42 ,CAP+42,102T
CrossFit 592,Guyana,GY,69fd3-P1131171_2-184.jpg,Delice,Adonis,Delice Adonis,Women,CUT,F,1.74,44709,66.7,206,1131171,21,117T,-42,1,1,-42 pts,12,117T,1,-42,CAP+43 ,CAP+43,117T
CrossFit 962,Jordan,JO,6645e-P419506_4-184.jpg,Dema,Al Zebdieh,Dema Al Zebdieh,Women,CUT,F,1.8,44638,73.9,177,419506,33,117T,-42,1,1,-42 pts,48,117T,2,-42,CAP+43 ,CAP+43,117T
CrossFit AlKhobar,Saudi Arabia,SA,8ca67-P768482_1-184.jpg,Amal,Alshahrani,Amal Alshahrani,Women,CUT,F,1.68,44682,69.9,202,768482,34,117T,-42,1,1,-42 pts,14,117T,1,-42,CAP+43 ,CAP+43,117T
Super Set CrossFit,Mozambique,MZ,48d77-P1521380_1-184.jpg,Zaida,Amade,Zaida Amade,Women,CUT,F,1.68,44772,59.9,221,1521380,41,117T,-42,1,1,-42 pts,45,117T,1,-42,CAP+43 ,CAP+43,117T
CrossFit NWA,Samoa,WS,d8398-P488881_2-184.jpg,MariaNive,Clark,MariaNive Clark,Women,CUT,F,0.15,44634,73,203,488881,37,117T,-42,1,1,-42 pts,38,117T,1,-42,CAP+43 ,CAP+43,117T
CrossFit Soul Miami,Venezuela,VE,3109d-P277184_5-184.jpg,Laura,Gonzalez-Marin,Laura Gonzalez-Marin,Women,CUT,F,1.74,44612,72.1,145,277184,25,117T,-42,1,1,-42 pts,30,117T,2,-42,CAP+43 ,CAP+43,117T
,Latvia,LV,ca655-P683201_2-184.jpg,Krista,Kraskura,Krista Kraskura,Women,CUT,F,1.77,,65.8,186,683201,27,117T,-42,1,1,-42 pts,30,117T,1,-42,CAP+43 ,CAP+43,117T
CrossFit Potcake,Bahamas,BS,6dd13-P280553_2-184.jpg,Chanelle,Munroe,Chanelle Munroe,Women,CUT,F,1.65,44714,73.5,219,280553,41,117T,-42,1,1,-42 pts,7,117T,1,-42,CAP+43 ,CAP+43,117T
Norwottuck CrossFit,Pakistan,PK,e4975-P975294_2-184.jpg,Mishka,Murad,Mishka Murad,Women,CUT,F,1.65,44613,56.2,217,975294,34,117T,-42,1,1,-42 pts,8,117T,1,-42,CAP+43 ,CAP+43,117T
CrossFit Thao Dien,Viet Nam,VN,6bfa4-P1176528_1-184.jpg,Trang,Nguyen,Trang Nguyen,Women,CUT,F,1.62,44746,57.2,216,1176528,27,117T,-42,1,1,-42 pts,43,117T,1,-42,CAP+43 ,CAP+43,117T
CrossFit Gaborone,Botswana,BW,0f8c9-P1218177_1-184.jpg,Cingiwe Ciegy,Seru,Cingiwe Ciegy Seru,Women,CUT,F,1.62,44749,63,215,1218177,35,117T,-42,1,1,-42 pts,9,117T,1,-42,CAP+43 ,CAP+43,117T
La Borda CrossFit,Andorra,AD,5202e-P1243131_2-184.jpg,Miriam,Torra,Miriam Torra Sola,Women,CUT,F,1.74,44721,64,208,1243131,25,117T,-42,1,1,-42 pts,40,117T,1,-42,CAP+43 ,CAP+43,117T
,Serbia,RS,f57ff-P1521928_1-184.jpg,Tamara,TrumbetaÅ¡,Tamara TrumbetaÅ¡,Women,CUT,F,1.65,,64.9,188,1521928,23,117T,-42,1,1,-42 pts,31,117T,1,-42,CAP+43 ,CAP+43,117T
CrossFit Ceylon,Sri Lanka,LK,823ae-P661943_1-184.jpg,Keshini,Vitharana,Keshini Vitharana,Women,CUT,F,0.15,44728,59,214,661943,22,117T,-42,1,1,-42 pts,42,117T,1,-42,CAP+43 ,CAP+43,117T
UPT CrossFit,Mauritius,MU,pukie.png,Melanie,Yip Woon Sun,Melanie Yip Woon Sun,Women,CUT,F,1.68,44635,77.1,218,889971,33,117T,-42,1,1,-42 pts,44,117T,1,-42,CAP+43 ,CAP+43,117T
T2 CrossFit,United States,US,8bf0d-P9440_13-184.jpg,Anna,Tobias,Anna Tobias,Women (35-39),ACT,X,1.71,44912,64.9,356,9440,36,1,690,1,1,80 pts,8,3,1,80,0.002241782,0.002241782,3
CrossFit Saint Helens,United States,US,b663a-P16973_6-184.jpg,Carleen,Mathews,Carleen Mathews,Women (35-39),ACT,X,1.58,44928,62.1,357,16973,35,2,600,1,1,100 pts,2,1,1,100,0.002206597,0.002206597,1
CrossFit Training Yard,United States,US,ca744-P8015_6-184.jpg,Rebecca,Voigt Miller,Rebecca Voigt Miller,Women (35-39),ACT,X,1.8,44937,68.9,354,8015,38,3,580,1,1,40 pts,7,7,1,40,0.002272454,0.002272454,7
CrossFit Billings,United States,US,f204b-P313257_1-184.jpg,Hope,Cicero,Hope Cicero,Women (35-39),ACT,X,1.55,44910,61.2,353,313257,36,4,540,1,1,90 pts,4,2,1,90,0.002230208,0.002230208,2
CrossFit Active,New Zealand,NZ,619ba-P235218_4-184.jpg,Alethea,Boon,Alethea Boon,Women (35-39),ACT,X,1.62,44888,59,352,235218,35,5,530,1,1,50 pts,6,6,1,50,0.002266898,0.002266898,6
CrossFit Turicum,Switzerland,CH,f9da1-P290001_8-184.jpg,Ursula,Fasel,Ursula Fasel,Women (35-39),ACT,X,1.68,44823,62.1,351,290001,38,6,420,1,1,70 pts,5,4,1,70,0.00226169,0.00226169,4
Etto CrossFit,Brazil,BR,200a7-P527325_6-184.jpg,Susana,Rodrigues Etto,Susana Rodrigues Etto,Women (35-39),ACT,X,1.55,44828,64.9,355,527325,35,7,330,1,1,10 pts,3,10,1,10,0.002422454,0.002422454,10
CrossFit Invictus,United States,US,pukie.png,Jenn,Ryan,Jenn Ryan,Women (35-39),ACT,X,1.58,44591,59,alt,51083,39,8,320,1,1,20 pts,9,9,1,20,0.002345833,0.002345833,9
CrossFit SEO,United States,US,9a98a-P26745_4-184.jpg,Jolene,Quirke,Jolene Quirke,Women (35-39),ACT,X,1.52,44841,54.4,360,26745,35,9,290,1,1,60 pts,10,5,1,60,0.002262616,0.002262616,5
Great Woods CrossFit,United States,US,11635-P121354_1-184.jpg,Corrin,Lemieux,Corrin Lemieux,Women (35-39),ACT,X,1.68,44921,66.7,359,121354,36,10,130,1,1,30 pts,1,8,1,30,0.002284375,0.002284375,8
CrossFit Train 97333,United States,US,71296-P259327_11-184.jpg,Joey,Kimdon,Joey Kimdon,Women (40-44),ACT,X,1.55,44922,56.7,402,259327,41,1,700,1,1,100 pts,6,1,1,100,0.002297454,0.002297454,1
CrossFit Southampton,United Kingdom,GB,0fa8a-P107129_1-184.jpg,Kelly,Friel,Kelly Friel,Women (40-44),ACT,X,1.74,44903,72.1,407,107129,41,2,610,1,1,40 pts,2,7,1,40,0.002458449,0.002458449,7
CrossFit Indestri,Canada,CA,4c061-P421299_1-184.jpg,Deanna,Posey,Deanna Posey,Women (40-44),ACT,X,1.71,44843,67.1,401,421299,40,3,560,1,1,50 pts,5,6,1,50,0.002427199,0.002427199,6
Codite CrossFit,United States,US,5ac62-P226482_2-184.jpg,Jenna,Larson,Jenna Larson,Women (40-44),ACT,X,1.68,44941,65.8,403,226482,40,4,510,1,1,70 pts,4,4,1,70,0.002402894,0.002402894,4
Battersea District CrossFit,United Kingdom,GB,b32a9-P434123_1-184.jpg,Alexis,Rufus,Alexis Rufus,Women (40-44),ACT,X,1.65,44881,63,410,434123,40,5,500,1,1,60 pts,10,5,1,60,0.002411227,0.002411227,5
CrossFit Majestic,United States,US,bea07-P256330_7-184.jpg,Michelle,Suozzi,Michelle Suozzi,Women (40-44),ACT,X,1.65,44867,68,404,256330,42,6,460,1,1,80 pts,7,3,1,80,0.002352083,0.002352083,3
CrossFit Springfield,United States,US,c07cf-P172716_6-184.jpg,Melissa,Wistrom,Melissa Wistrom,Women (40-44),ACT,X,1.52,44882,52.2,405,172716,41,7,420,1,1,20 pts,3,9,1,20,0.0024875,0.0024875,9
CrossFit Majestic,United States,US,1f43b-P650145_1-184.jpg,Kim,Mullins,Kim Mullins,Women (40-44),ACT,X,1.68,44867,70.3,409,650145,41,8,310,1,1,10 pts,1,10,1,10,0.002547569,0.002547569,10
CrossFit Adm,Canada,CA,ea1cd-P15182_13-184.jpg,Stephanie,Roy,Stephanie Roy,Women (40-44),CUT,X,1.68,44920,63.5,408,15182,41,9,160,1,1,90 pts,9,2,1,90,0.002344213,0.002344213,2
CrossFit Viento,United States,US,fb886-P12348_5-184.jpg,Karen,McCadam,Karen McCadam,Women (40-44),WD,X,1.71,44897,66.7,406,12348,44,10,40,1,1,30 pts,8,8,1,30,0.002482523,0.002482523,8
CrossFit Trison,United States,US,90575-P9184_11-184.jpg,Janet,Black,Janet Black,Women (45-49),ACT,X,1.65,44914,66.7,452,9184,45,1,640,1,1,100 pts,6,1,1,100,0.002366088,0.002366088,1
Spartan CrossFit,United States,US,27b53-P244482_5-184.jpg,Semma,Burba,Semma Burba,Women (45-49),ACT,X,1.71,44835,62.6,460,244482,45,2,600,1,1,90 pts,10,2,1,90,0.002376042,0.002376042,2
Endeavor Fitness CrossFit Invermere,Canada,CA,be7b0-P21214_9-184.jpg,Jolaine,Undershute,Jolaine Undershute,Women (45-49),ACT,X,1.55,44864,66.2,451,21214,47,3,580,1,1,70 pts,5,4,1,70,0.002390162,0.002390162,4
CrossFit Advanced,United States,US,d16f3-P413700_4-184.jpg,Tracy,O'Connell,Tracy O'Connell,Women (45-49),ACT,X,1.55,44854,57.2,454,413700,47,4,550,1,1,60 pts,7,5,1,60,0.002439699,0.002439699,5
CrossFit Reston,United States,US,29bee-P294840_1-184.jpg,Stephanie,Brennan,Stephanie Brennan,Women (45-49),ACT,X,1.74,44933,64.9,457,294840,45,5,520,1,1,40 pts,2,7,1,40,0.002517824,0.002517824,7
Pee Dee CrossFit,United States,US,ef9b6-P178647_2-184.jpg,Nicole,Abbott,Nicole Abbott,Women (45-49),ACT,X,1.68,44918,61.2,456,178647,46,6,410,1,1,80 pts,8,3,1,80,0.002383218,0.002383218,3
CrossFit AllStar,United States,US,755c1-P8770_4-184.jpg,Cheryl,Brost,Cheryl Brost,Women (45-49),ACT,X,1.58,44869,60.3,455,8770,48,7,390,1,1,50 pts,3,6,1,50,0.002456713,0.002456713,6
C4 CrossFit,United States,US,35cb9-P8618_9-184.jpg,Aida,Koepplinger,Aida Koepplinger,Women (45-49),ACT,X,1.58,44874,57.2,458,8618,45,8,350,1,1,20 pts,9,9,1,20,0.002571759,0.002571759,9
Crucible CrossFit,United States,US,5ceb5-P50423_10-184.jpg,Jennifer,Dieter,Jennifer Dieter,Women (45-49),ACT,X,1.58,44594,61.2,453,50423,45,9,340,1,1,30 pts,4,8,1,30,0.002520139,0.002520139,8
CrossFit Berloga,Russian Federation,RU,97325-P586578_1-184.jpg,Elena,Kulik,Elena Kulik,Women (45-49),WD,X,1.68,44877,68,459,586578,48,10,20,1,1,10 pts,1,10,1,10,0.002914699,0.002914699,10
Cottontown CrossFit,United States,US,7a80c-P710834_8-184.jpg,Jana,Slyder,Jana Slyder,Women (50-54),ACT,X,1.74,44857,64.4,506,710834,50,1,650,1,1,60 pts,8,5,1,60,0.00253831,0.00253831,5
CrossFit The Club,United States,US,6cc80-P42565_3-184.jpg,Chris,Nelson,Chris Nelson,Women (50-54),ACT,X,1.65,44916,59,502,42565,50,2,630,1,1,40 pts,6,7,1,40,0.00263125,0.00263125,7
CrossFit Aurora Central,Canada,CA,ee5cb-P109033_6-184.jpg,Joyanne,Cooper,Joyanne Cooper,Women (50-54),ACT,X,1.71,44876,65.8,503,109033,50,3,540,1,1,100 pts,4,1,1,100,0.002392245,0.002392245,1
CrossFit Louvre II,France,FR,df19f-P213252_7-184.jpg,Francoise,Mahier,Francoise Mahier,Women (50-54),ACT,X,1.65,44891,57.2,505,213252,50,4,530,1,1,30 pts,3,8,1,30,0.002750579,0.002750579,8
CrossFit Tayburun,Mexico,MX,1f1e4-P729204_1-184.jpg,Maricruz,Prieto,Maricruz Prieto,Women (50-54),ACT,X,1.62,44863,59.9,507,729204,51,5,490,1,1,80 pts,2,3,1,80,0.002493056,0.002493056,3
CrossFit Active,Australia,AU,ab2f7-P321495_10-184.jpg,Belinda,Halcrow,Belinda Halcrow,Women (50-54),ACT,X,1.58,44888,59.4,501,321495,50,6,480,1,1,90 pts,5,2,1,90,0.002485069,0.002485069,2
CrossFit Coeur D'Alene,United States,US,22f40-P505635_3-184.jpg,Tia,Vesser,Tia Vesser,Women (50-54),ACT,X,1.65,44847,65.8,504,505635,50,7,420,1,1,70 pts,7,4,1,70,0.002495255,0.002495255,4
CrossFit EGA,United States,US,7881e-P80344_7-184.jpg,Alexia,Fineman,Alexia Fineman,Women (50-54),ACT,X,1.74,44932,63.5,508,80344,52,8,320,1,1,50 pts,9,6,1,50,0.002608796,0.002608796,6
CrossFit Torian,Australia,AU,d3aa0-P195717_1-184.jpg,Deborah,Schedue,Deborah Schedue,Women (50-54),ACT,X,1.65,44784,59,509,195717,51,9,280,1,1,10 pts,1,10,1,10,0.002877778,0.002877778,10
CrossFit Nordic,Sweden,SE,3935d-P55291_4-184.jpg,Jessica,Clevenvik,Jessica Clevenvik,Women (50-54),WD,X,1.74,44756,64,510,55291,50,10,120,1,1,20 pts,10,9,1,20,0.002812384,0.002812384,9
CrossFit Saskatoon,Canada,CA,1b636-P13983_4-184.jpg,Laurie,Meschishnick,Laurie Meschishnick,Women (55-59),ACT,X,1.68,44924,63.5,551,13983,55,1,640,1,1,100 pts,5,1,1,100,0.005546296,0.005546296,1
Custer CrossFit,United States,US,aebfb-P19241_6-184.jpg,Linda,Elstun,Linda Elstun,Women (55-59),ACT,X,1.71,44817,64.9,554,19241,55,2,550,1,1,40 pts,7,7,1,40,0.006967708,0.006967708,7
CrossFit Vlaardingen,Netherlands,NL,e69ff-P27530_3-184.jpg,Marion,Valkenburg,Marion Valkenburg,Women (55-59),ACT,X,1.65,44893,65.3,552,27530,55,3,460,1,1,30 pts,6,8,1,30,0.007101505,0.007101505,8
CrossFit San Benito,United States,US,cb35b-P29279_9-184.jpg,Hylie,Thompson,Hylie Thompson,Women (55-59),ACT,X,1.65,44898,63.5,553,29279,56,4,430,1,1,60 pts,4,5,1,60,0.006486806,0.006486806,5
CrossFit Type 44,United States,US,60d96-P215328_5-184.jpg,April,Watkins,April Watkins,Women (55-59),ACT,X,1.62,44844,59.9,556,215328,55,5,390,1,1,70 pts,8,4,1,70,0.006375463,0.006375463,4
CrossFit Active,Australia,AU,9929f-P24334_3-184.jpg,Lynne,Knapman,Lynne Knapman,Women (55-59),ACT,X,1.58,44888,56.7,560,24334,59,6,380,1,1,90 pts,10,2,1,90,0.005825926,0.005825926,2
CrossFit Origin,Australia,AU,fdb82-P261786_4-184.jpg,Judith,Tynan,Judith Tynan,Women (55-59),ACT,X,1.65,44905,63,555,261786,56,7,320,1,1,80 pts,3,3,1,80,0.006219213,0.006219213,3
CrossFit Westchase Largo,United States,US,d2917-P100338_8-184.jpg,Sue,Velott,Sue Velott,Women (55-59),ACT,X,1.68,44884,65.8,559,100338,56,8,250,1,1,10 pts,1,10,1,10,0.009020486,0.009020486,10
Functional Strength CrossFit,New Zealand,NZ,880d4-P13813_3-184.jpg,Debbie,Downing,Debbie Downing,Women (55-59),ACT,X,1.74,44909,59,558,13813,57,9,220,1,1,50 pts,9,6,1,50,0.006837384,0.006837384,6
CrossFit Vex,United States,US,ea150-P1900_5-184.jpg,Mary Beth,Prodromides,Mary Beth Prodromides,Women (55-59),WD,X,1.58,44895,59,557,1900,58,10,240,1,1,20 pts,2,9,1,20,0.007730903,0.007730903,9
CrossFit West Vancouver,Canada,CA,pukie.png,Susan,Clarke,Susan Clarke,Women (60+),ACT,X,1.68,44917,55.8,601,150577,60,1,700,1,1,100 pts,5,1,1,100,0.005900116,0.005900116,1
CrossFit Lindsay,Canada,CA,pukie.png,Patricia,McGill,Patricia McGill,Women (60+),ACT,X,1.77,44830,67.6,603,330392,60,2,540,1,1,70 pts,4,4,1,70,0.007796528,0.007796528,4
CrossFit Central Wellington,New Zealand,NZ,0708b-P145039_1-184.jpg,Pauline,Sciascia,Pauline Sciascia,Women (60+),ACT,X,1.62,44873,58.1,602,145039,61,3,410,1,1,50 pts,6,6,1,50,0.008392708,0.008392708,6
Roughrider CrossFit (departed),United States,US,73510-P819703_2-184.jpg,Sue,Lawson,Sue Lawson,Women (60+),ACT,X,1.58,44849,55.8,608,819703,60,4,400,1,1,80 pts,9,3,1,80,0.007425926,0.007425926,3
Functional Strength CrossFit,New Zealand,NZ,57bd9-P243666_1-184.jpg,Diana,Flynn,Diana Flynn,Women (60+),ACT,X,1.71,44909,59.9,604,243666,60,5,400,1,1,10 pts,7,10,1,10,CAP+103,CAP+103,10
CrossFit Uncommon,United States,US,433bb-P198927_3-184.jpg,Julie,Holt,Julie Holt,Women (60+),ACT,X,1.65,44947,71.2,610,198927,62,6,380,1,1,30 pts,10,8,1,30,0.009029398,0.009029398,8
Reebok CrossFit Medfield,United States,US,a6012-P312883_7-184.jpg,Carol Lynn,Thistle,Carol Lynn Thistle,Women (60+),ACT,X,1.62,44856,53.1,605,312883,62,7,310,1,1,60 pts,3,5,1,60,0.008255093,0.008255093,5
Ft. Wright CrossFit,United States,US,0b3ce-P32842_4-184.jpg,Elizabeth,Cole,Elizabeth Cole,Women (60+),ACT,X,1.25,44782,50.8,607,32842,62,8,290,1,1,40 pts,2,7,1,40,0.008497454,0.008497454,7
CrossFit Living The Dream Ajax,Canada,CA,10f1f-P702085_9-184.jpg,Christine,Long,Christine Long,Women (60+),ACT,X,1.68,44821,57.2,606,702085,60,9,250,1,1,20 pts,8,9,1,20,0.011370023,0.011370023,9
CrossFit Lions,Canada,CA,d55e0-P62910_4-184.jpg,Debby,Cook,Debby Cook,Women (60+),WD,X,1.68,44907,55.8,609,62910,60,10,190,1,1,90 pts,1,2,1,90,0.00719213,0.00719213,2
